text,label
A group of men vandalised our shop after we refused to pay them extortion money.,Criminal
I want to know whether the state can restrict access to a public riverbank for citizens performing traditional rituals.,Constitutional
My grandfather refuses to hand over possession of the family house even after a partition was agreed upon by the family.,Property
A manufacturer supplied goods that did not match the sample approved during our contract negotiation.,Civil
"I paid for express delivery of a power bank, but it arrived more than ten days late without any explanation from the platform.",Consumer
I want to understand if I can claim a right to reside in my husband's family home despite our disputes.,Family
My private online journaling entries were exposed after the app's servers were reportedly compromised.,Cyber
I want to challenge a newly passed state law that I believe violates the fundamental rights of ordinary citizens.,Constitutional
I want to understand the responsibilities of a guardian appointed to manage a minor's financial affairs.,Family
I want to seek custody modification since my ex-wife's living situation has changed significantly.,Family
I want to understand the process for filing an internal complaint regarding workplace misconduct.,Labour
I want to know if an interfaith marriage requires any special declaration before it can be registered.,Family
"A person published misleading information about my company on social media, harming our business reputation.",Civil
"The product description online promised certain features for the geyser, but what I received does not match those claims at all.",Consumer
I want compensation from a contractor whose faulty electrical work caused a short circuit in my shop.,Civil
I want to know if children from an interfaith marriage face any legal complications regarding inheritance.,Family
My platform reduced my per-delivery payout without informing workers in advance.,Labour
"My company ended my contract abruptly, citing budget cuts, without offering any severance pay.",Labour
A person collected registration fees for a fake training programme and shut down the office overnight.,Criminal
"My personal videos were shared on a porn website without my consent, what can I do legally?",Cyber
"A supplier delivered goods that did not meet the agreed specifications, causing losses to my business.",Civil
I want to understand my rights if my company refuses to relieve me even after the notice period ends.,Labour
I was told by authorities that I cannot form an association with other citizens to advocate for a particular cause.,Constitutional
"My ex-husband wants to relocate with our children to another city, and I am concerned about losing regular contact.",Family
Someone was found in possession of a stolen two-wheeler with tampered chassis numbers.,Criminal
How do I file a complaint against a wholesale dealer in Lucknow for selling me a defective inverter battery?,Consumer
My live-in partner is refusing to acknowledge our relationship now that we have a child together.,Family
Someone registered a domain name almost identical to our brand to mislead potential customers.,Cyber
My employer is asking me to sign a non-disclosure agreement as a condition for receiving severance pay.,Labour
My private online poetry readings were recorded and republished without giving me credit.,Cyber
"My complaint regarding a defective water heater was acknowledged by customer care, but no action has actually been taken so far.",Consumer
Someone slapped my father repeatedly during an argument over a parking dispute in our society.,Criminal
A former friend created a fake testimonial using my name to promote a product I never used.,Cyber
I want to seek my child's return since my ex-husband took them overseas without my knowledge or consent.,Family
I want to know my rights regarding a pathway that runs through my residential bungalow which my neighbour uses to access their house.,Property
My cousin's young son was taken by an acquaintance and has not been returned despite repeated requests.,Criminal
"My husband took our daughter to another city without informing me, and I want to know my rights.",Family
My relative agreed to co-sign a loan but is now refusing to honour his share of the repayment.,Civil
"I completed a six-month internship, but the company never issued a formal completion certificate.",Labour
A person collected money from several villagers for a fake cooperative society and vanished.,Criminal
My private travel itinerary was posted publicly by someone after gaining access to my email account.,Cyber
"My neighbour has built a boundary wall that intrudes several feet into my ancestral house, and he refuses to correct it.",Property
I want to file for a contested divorce because my husband is an alcoholic and neglects our family.,Family
"I was scammed through a fake customer care number found on Google, what is the legal process?",Cyber
I want to cancel a sale deed for a family house because I later discovered the seller had misrepresented facts about the land.,Property
A person was caught trying to break into a temple's donation box using metal tools.,Criminal
"I paid a repair shop to fix my air conditioner, but they returned it in a worse condition than before and refuse to fix it again.",Consumer
A stranger created a fake customer support chat using our courier brand to phish for delivery details.,Cyber
What documents are required to prove clear ownership of a family house that I intend to sell in Nagpur?,Property
"A public sector employer is failing to fulfil a basic constitutional duty owed to citizens in my area, and I want to act on this.",Constitutional
I want guidance on protecting myself legally since my in-laws keep pressuring my family for additional gifts.,Family
My employer transferred me to an undesirable location shortly after I raised a workplace complaint.,Labour
A gang stopped our bus on a highway and robbed all the passengers of their belongings.,Criminal
My cousin's joint venture partner is refusing to share quarterly financial reports as agreed initially.,Civil
I want to know if my company can deny reimbursement for approved business expenses without explanation.,Labour
I want to compel the passport office to perform a legal duty that they have been refusing to carry out for months.,Constitutional
I want to know how to reclaim possession of my duplex house from squatters who moved in without my permission.,Property
I want to understand what happens to inheritance if a family member dies after making conflicting wills.,Family
"I had booked a hotel room in advance, but on arrival the hotel denied my confirmed reservation and refused to accommodate me at all.",Consumer
My employer is not providing statutory benefits mandated for industrial workers at our facility.,Labour
Someone impersonated a delivery service representative online to collect personal information from customers.,Cyber
I want to seek clarity on whether an adopted child can use both biological and adoptive family surnames.,Family
A contractor demanded extra payment for work that was already included in our original agreement.,Civil
I was detained briefly for raising slogans against a government policy during a peaceful demonstration in Bengaluru.,Constitutional
The compensation amount offered for my acquired land seems far below the actual market value of the family house.,Property
"A supplier delivered goods to the wrong warehouse, causing delays and additional costs for our business.",Civil
"My spouse has filed for divorce citing cruelty, but I want to dispute these claims in court.",Family
"I was blackmailed after sharing OTP with someone pretending to be a delivery agent, what legal option do I have?",Cyber
My spouse wants to sell our matrimonial home without my consent while our divorce case is ongoing.,Family
"I ordered a water purifier online, but the package I received contained a completely different and cheaper item inside the box.",Consumer
"Someone created a group on social media to mock and insult me publicly, is this covered under cyber law?",Cyber
I want to know if a stepparent can seek visitation rights after separating from the biological parent.,Family
A government scheme excludes citizens from a certain region without any rational connection to the scheme's stated objective.,Constitutional
A government office denied my request to obtain a copy of an official order that directly affects my rights.,Constitutional
I want to know how to legally remove my name from a jointly held piece of land that I no longer wish to co-own.,Property
"My cloud storage subscription keeps failing repeatedly, and despite multiple complaints, the provider has not sent anyone to properly fix the issue.",Consumer
I want to understand if gratuity applies to employees terminated before completing the minimum required years.,Labour
A professional hired for auditing services failed to identify discrepancies that later caused financial losses.,Civil
"I cancelled my order for a trimmer within the return window, but the seller is refusing to process my refund citing some policy.",Consumer
"I resigned from my job, but my employer is refusing to release my final month's salary.",Labour
My company reduced remote employees' benefits compared to those working from the office.,Labour
My relative wants to understand how adoption affects a child's existing legal relationship with biological siblings.,Family
"A stalker is showing up at places I check into on social media, what legal protection is available?",Cyber
"I purchased a mixer grinder from an online marketplace, and it turned out to be a counterfeit copy of the original branded product.",Consumer
I want to know if my company can deduct salary for being a few minutes late occasionally.,Labour
My former business partner is refusing to settle accounts as required under our partnership dissolution agreement.,Civil
A local council is restricting access to a public crematorium for citizens belonging to a certain community.,Constitutional
Someone deliberately damaged the electricity meter box outside our house during a dispute with the landlord.,Criminal
I want to understand wage revision timelines applicable to industrial workers under standard practice.,Labour
A group of strangers online organized a campaign to repeatedly flag and suspend my legitimate business account.,Cyber
Someone was caught with a bundle of counterfeit notes at a local grocery store.,Criminal
"I returned a defective treadmill for a refund weeks ago, but the amount has still not been credited back to my account.",Consumer
"Someone tried to poison our family dog, and we believe it is connected to a property dispute with a neighbour.",Criminal
Someone is impersonating a well-known lawyer online to offer fake legal consultations for a fee.,Cyber
"Despite following up for weeks about my faulty mixer grinder, the company's helpline keeps giving me a different excuse every single time.",Consumer
Can I take legal action against someone who has occupied my duplex house without my permission for several years?,Property
I paid an event organizer in advance for a function but they cancelled at the last minute without any refund.,Civil
My employer denies training opportunities to certain employees based on personal bias rather than merit.,Labour
What are my constitutional options if a government authority in Surat continues to ignore my legitimate grievance?,Constitutional
"After registering the sale deed for my vacant plot, I discovered the seller did not have full ownership rights to sell it.",Property
My residential bungalow title shows an old encumbrance that was supposed to have been cleared years ago but was never updated.,Property
My company reduced my performance rating simply because I took maternity leave during the review period.,Labour
How do I legally establish my ownership over a village land that has been in dispute with a family member for years?,Property
My spouse and I want to register our marriage after living together for several years.,Family
My employer keeps delaying my salary payment by several weeks every single month.,Labour
I want to understand collective bargaining rights available to industrial workers under current employment norms.,Labour
My cousin has been receiving threatening notes left at her doorstep by an unknown person.,Criminal
I want to know how to legally divide an ancestral ancestral house among four siblings who all have equal claims.,Property
"Someone is using cheats and abusive language against me on a multiplayer gaming platform, is there a legal option?",Cyber
I want to know if I can refuse mandatory overtime that exceeds legal working hour limits.,Labour
I disagree with the government's valuation of my residential plot that was used to calculate the stamp duty for registration.,Property
"Someone hacked my father's email and asked our relatives for emergency money, how do I report this?",Cyber
I want to know my rights if my husband's family continues to harass my parents for dowry-related demands.,Family
My mother-in-law took control of all gifts given to me during the wedding and refuses to return them.,Family
"My neighbour's dog attacked my child, and I want to understand how to claim compensation for treatment.",Civil
I want to know if non-compete clauses are enforceable after an employee resigns from a company.,Labour
My relative is being threatened by the accused's family to change his witness statement in court.,Criminal
I want to understand whether a state government order conflicts with a law passed by the central government on the same subject.,Constitutional
A neighbour's constant loud arguments late at night have been disturbing our household's peace for weeks.,Civil
A fraudster created a fake identity to rent a flat and then vanished without paying rent for months.,Criminal
A person borrowed farming equipment from my father and has refused to return it for over a year.,Civil
I want to understand my rights if my employer delays processing my travel reimbursement claims.,Labour
My aunt wants to know if she can revise her will after already registering an earlier version.,Family
My relative wants to establish paternity for inheritance purposes after her father's unexpected passing.,Family
I want to know if I can claim any rights after a long-term live-in relationship ends abruptly.,Family
My father is being harassed by unknown callers demanding he vacate his ancestral property.,Criminal
"I bought a motorbike that stopped working within a week, and an offline retail store is refusing to repair or replace it. What can I do?",Consumer
I want to know if probation extension without valid reason is a fair employment practice.,Labour
My private legal documents were shared publicly by someone who gained unauthorized access to my files.,Cyber
"My employer deducted money from my salary citing loss of company property, without any investigation.",Labour
I want to know if a total ban on public gatherings across an entire city is a reasonable restriction under the constitution.,Constitutional
"Someone is using a fake customer support number to scam users of a popular app, how do I complain?",Cyber
I want to challenge an order restricting access to a public monument for members of a particular community.,Constitutional
I want to understand the process for seeking the return of my child if taken abroad without permission.,Family
My business is owed payment from a client who received the ordered goods but disputes the final invoice amount.,Civil
I was detained briefly for raising slogans against a government policy during a peaceful demonstration in Surat.,Constitutional
"The wardrobe I purchased has a manufacturing defect, but the brand's customer care keeps closing my complaint ticket without resolving it.",Consumer
Someone attacked my father with a sharp object during a heated argument over a business deal.,Criminal
I want to know if paternity leave benefits are the same across public and private sector jobs.,Labour
My company has not paid my salary for the last three months despite repeated reminders to HR.,Labour
I want to know if agricultural land can be legally converted for residential use in Surat without violating any rules.,Property
The telecom company activated an expensive plan on my number without my consent and is refusing to reverse the charges.,Consumer
"The showroom promised to replace my wardrobe within seven days of purchase, but they keep giving excuses every time I follow up.",Consumer
The e-commerce site delivered an empty box instead of the sewing machine I had ordered and paid for in full online.,Consumer
I want to understand how custody is decided in an interfaith marriage if we later decide to separate.,Family
I want to seek maintenance for my child's education expenses as part of our ongoing divorce proceedings.,Family
"I repaid my home loan in full, but the bank is delaying the release of my urban plot documents from the mortgage.",Property
"Despite paying full charges for cloud storage subscription, I have been receiving highly unsatisfactory and inconsistent service for weeks now.",Consumer
A restaurant next to our house dumps waste water onto our shared pathway every day.,Civil
My spouse claims our marriage is invalid because certain religious customs were not followed.,Family
The seller of a housing plot took an advance from me and later sold the same property to someone else.,Property
My ex-husband is not maintaining consistent communication with our children despite our custody agreement.,Family
"My relative hired workers for a construction project but never paid their agreed wages, and now I am being blamed.",Civil
My wife and I want to register our marriage to apply for a spousal visa abroad.,Family
Someone used forged mark sheets to get admission in a college under a fake identity.,Criminal
A relative was picked up by police late at night without any female officer present during the arrest.,Criminal
My relative discovered a plan by several men to forge documents for multiple property transactions.,Criminal
My relative took money from me for a car purchase and never delivered the vehicle as promised.,Civil
A person defamed me in a community meeting by making false claims about my financial dealings.,Civil
My private art commission details were leaked by a client without my permission.,Cyber
I want to challenge a gift deed through which my duplex house was transferred to a relative without my knowledge.,Property
I want to know if my termination is valid since I was never given any warning letters.,Labour
"My trimmer stopped working under warranty, and the brand is asking me to bear the cost of spare parts, which seems unfair.",Consumer
Someone submitted forged documents to get a driving licence issued under a false identity.,Criminal
A stranger used my old photographs to create a fake fundraising campaign online.,Cyber
"A recent government policy seems to unfairly restrict citizens' rights, and I want to know if it can be constitutionally challenged.",Constitutional
A gang of youngsters has been damaging vehicles parked on our street every night for the past week.,Criminal
Someone accessed my online store's admin panel and modified product listings without permission.,Cyber
Local election officials denied me the opportunity to cast my vote despite my name appearing on the electoral roll.,Constitutional
"The police are refusing to register our complaint stating it is a civil matter, though we believe it is criminal.",Criminal
I want joint custody of my children so both my ex-spouse and I can be involved in their upbringing.,Family
Our society treasurer has been misusing maintenance funds collected from residents for personal expenses.,Criminal
I want to know if I can remarry immediately after my divorce is finalized.,Family
I want to understand succession rights for a daughter in a family governed by traditional customs.,Family
My tenant is illegally occupying my shop and refuses to leave even after threatening my staff.,Criminal
I want to know if I can seek redressal for a hostile work environment created by my supervisor.,Labour
A client is disputing charges for additional work that was clearly requested and approved via email.,Civil
"The person who sold me a family house turns out to have only partial ownership, and other co-owners were never informed of the sale.",Property
"The local authorities have issued a demolition notice for my office space, and I want to challenge it legally.",Property
"I want a court to restrain a former employee from contacting our clients, as per our signed agreement.",Civil
Police found stolen mobile phones being sold by a person operating out of a small shop.,Criminal
A government office in Guwahati is treating me differently from other applicants purely because of my community background.,Constitutional
"The local authorities have issued a demolition notice for my residential plot, and I want to challenge it legally.",Property
I discovered that a government department has been monitoring my personal communications without informing me or obtaining proper authorization.,Constitutional
My husband wants to freeze our joint account before our divorce is finalized.,Family
I signed a contract with a printing press that failed to deliver materials on time for an event.,Civil
"My checked baggage was damaged by the airline during the flight, and they are refusing to compensate me for the loss.",Consumer
My employer denied a request for flexible hours despite my role being fully remote.,Labour
I want to know how marital property is typically divided when a couple decides to divorce.,Family
My employer denied maternity leave benefits despite my having worked there for over a year.,Labour
"My husband makes major decisions without consulting me, which has become a recurring issue in our marriage.",Family
"A salesperson promised free accessories with my bicycle purchase, but the store later refused to give any of those promised items.",Consumer
"Someone is blackmailing me with my private photos, what legal steps can I take?",Cyber
Someone forged my grandfather's will to claim a larger share of the family property.,Criminal
"A person demanded money from my shop owner every month, threatening to damage the shop if refused.",Criminal
My grandfather sold the entire ancestral small plot without informing or including the other legal heirs at all.,Property
I want to understand if my company can ask me to waive future claims as part of my settlement.,Labour
How can I legally challenge a government hospital for violating my fundamental rights while carrying out their official duties?,Constitutional
My neighbour has built a wall that blocks the common pathway we have used for years.,Civil
My relative was cheated by an agent who promised a visa but disappeared after taking the fees.,Criminal
I want to verify whether the title of an orchard land I am about to purchase is completely clear of any disputes.,Property
"My neighbour's tree roots have damaged the flooring of my courtyard, and he refuses to take action.",Civil
A government office in Chennai is treating me differently from other applicants purely because of my community background.,Constitutional
My wife wants a share of my ancestral property even though it was inherited before our wedding.,Family
The courier company delivered my smartwatch in a badly damaged condition and is denying responsibility for the mishandling.,Consumer
"My cousin, who is a witness in a case, was followed home by strangers after the hearing.",Criminal
Someone hit my uncle with a wooden plank during an argument at a construction site.,Criminal
A group of men vandalised our tea stall and threatened to burn it down if we continued operating.,Criminal
"My employer asked me to submit medical leave applications retroactively, which seems unusual.",Labour
My younger sibling has been receiving messages from an unknown adult on a children's learning app.,Cyber
Someone locked my aunt inside her own house and threatened her to sign over documents.,Criminal
"A morphed video circulating online shows my face on someone else's body, what can I do about it?",Cyber
"My phone suddenly stopped receiving calls and messages, and I later found my number was reassigned without consent.",Cyber
We were not permitted to meet a relative in police custody despite requesting several times.,Criminal
"Someone is using screenshots of my private conversations to blackmail me, is this illegal?",Cyber
A wedding planner failed to arrange services as agreed and is now refusing to refund the advance amount.,Civil
I want to know how domestic abuse within a marriage affects custody decisions for our children.,Family
My employer expects me to work weekends without any extra pay or compensatory leave.,Labour
My father received several fake notes while collecting rent from a tenant last month.,Criminal
Someone threw a burning object into our courtyard during a night-time altercation with neighbours.,Criminal
My relative's business associate is refusing to pay penalties agreed upon for late project delivery.,Civil
My employer is asking employees to work in a factory unit that lacks proper emergency exits.,Labour
My relative's shop lost business after a supplier failed to deliver goods before a major festival despite promises.,Civil
My grandfather refuses to hand over possession of the small plot even after a partition was agreed upon by the family.,Property
Someone has been secretly watching and following my sister every time she leaves for work.,Criminal
My business partner is refusing to disclose financial records despite our partnership agreement requiring transparency.,Civil
My landlord is refusing to return my security deposit even though I vacated the vacant plot in proper condition.,Property
My cousin took a loan for his sister's wedding and has stopped making the agreed monthly repayments.,Civil
I want to recover charges for repair work done on a client's property who is now disputing the bill.,Civil
A man threatened to kill his neighbour over a long-standing dispute about a shared water pump.,Criminal
My neighbour is disputing the ownership of a small strip of land that has always been part of my family house.,Property
"The electric kettle I purchased has a manufacturing defect, but the brand's customer care keeps closing my complaint ticket without resolving it.",Consumer
"We are second-time filers for mutual divorce after withdrawing our earlier petition, what should we expect now.",Family
"I was sold a trimmer under the false claim that it was imported, but later I found out it was locally manufactured.",Consumer
I want to question the legal authority of a person who has been appointed to hold a public office in Pune.,Constitutional
A state authority is restricting my freedom of movement between districts without providing any valid legal justification for it.,Constitutional
My digital wallet was accessed without authorization and cryptocurrency was transferred out without my consent.,Cyber
What are my constitutional options if a government authority in Indore continues to ignore my legitimate grievance?,Constitutional
Someone has encroached upon a part of my independent house by building a wall well beyond their actual boundary line.,Property
I want to know how to legally remove my name from a jointly held village land that I no longer wish to co-own.,Property
"My company website was hacked and customer data was exposed, what legal obligations do we have?",Cyber
Someone is impersonating a university admissions officer online to collect application fees from students.,Cyber
Someone accessed my smart car app and is tracking my vehicle's location without my permission.,Cyber
I want to challenge a state rule preventing citizens from openly criticizing government schemes on public platforms.,Constitutional
My relative found unknown people cutting trees on their private land without authorization.,Criminal
Someone used automated bots to flood my inbox with spam after I reported their account.,Cyber
Can I take legal action against a government body that has consistently acted in an arbitrary and unfair manner towards me?,Constitutional
"A government hospital rejected my application without giving any reasons, and I believe this decision was completely arbitrary.",Constitutional
I believe a village panchayat is discriminating against me on the basis of my gender while processing my application.,Constitutional
"I have the original warranty card for my wristwatch, yet the authorised service centre is denying free repair citing some hidden clause.",Consumer
"My neighbour's construction debris has been dumped on my property, and he refuses to clear it.",Civil
My relative's business partner is refusing to release funds owed as per their signed profit-sharing agreement.,Civil
I want compensation from a contractor whose incomplete work forced us to hire another team at extra cost.,Civil
The company is refusing to honour the warranty on my chimney saying I did not register it online within a specific time.,Consumer
"My personal blog content was copied and republished on another site without permission, is this a copyright issue?",Cyber
My workplace has inadequate fire safety measures despite repeated requests to management for improvement.,Labour
"The showroom promised to replace my dishwasher within seven days of purchase, but they keep giving excuses every time I follow up.",Consumer
"My wife has filed a false case against me, and I now want to pursue divorce proceedings.",Family
"My siblings and I inherited a piece of land, but we cannot agree on how to divide it among ourselves fairly.",Property
"A group of anonymous users is coordinating to mass-report and troll my small business page, what can I do?",Cyber
A village panchayat is preventing me from practicing my trade in a public market without giving any valid legal reason.,Constitutional
My relative's business partner is refusing to acknowledge a written commitment to jointly fund equipment purchases.,Civil
A vendor breached our exclusive supply agreement by selling the same products to our competitor.,Civil
Someone fired shots in the air outside our house to intimidate our family during a land dispute.,Criminal
My relative wants to stop a joint property from being sold until our ongoing dispute is resolved.,Civil
I recently discovered that the title documents for my piece of land may have been forged by a previous owner.,Property
My private voice message meant for a friend was leaked into a public community group.,Cyber
I was charged extra hidden fees while purchasing a mattress that were never mentioned anywhere during the checkout process.,Consumer
"My resume was copied from a job portal and used by someone else to apply for jobs, is this identity misuse?",Cyber
I want to know if my job position is protected while I am on maternity leave.,Labour
"My father transferred a commercial shop to my sister through a gift deed, but I believe this transfer was made under pressure.",Property
My employer classifies me as a contract worker despite my duties being identical to permanent staff.,Labour
My private online workshop recordings were leaked and are being sold without authorization.,Cyber
The district collector's office is preventing me from practicing my trade in a public market without giving any valid legal reason.,Constitutional
"My relative signed a contract to supply handicrafts exclusively to one buyer, but the buyer cancelled the order without valid reason.",Civil
A contractor agreed to complete our shop renovation in two months but has not finished even after six months.,Civil
"Someone created an AI-generated video showing me saying things I never said, is this legal to report?",Cyber
I want to know how to recover unpaid dues from a client who has ignored multiple invoices.,Civil
My elder brother used a power of attorney to sell our family's agricultural land without informing the rest of the family members.,Property
Is it possible to claim a refund for a second-hand car purchased in Bhopal that stopped working just days after delivery?,Consumer
A local council denied permission for a minority group to conduct an annual pilgrimage through a public route.,Constitutional
The registrar's office is delaying the registration of my row house without giving me any clear reason for the delay.,Property
My employer expects me to check emails and attend calls throughout my approved paternity leave.,Labour
"The person who sold me a duplex house turns out to have only partial ownership, and other co-owners were never informed of the sale.",Property
My relative fell seriously ill after eating food at a family gathering and we suspect it was tampered with.,Criminal
I want to know the process to appeal when police close a case without proper investigation.,Criminal
I want to understand my rights within the marriage since my spouse controls all our finances.,Family
I want to understand the process for consolidating multiple provident fund accounts from different employers.,Labour
Someone is impersonating a bank's fraud prevention officer online to extract account information from customers.,Cyber
"A new municipal rule appears to unreasonably restrict citizens' movement within the city, and I want to question its validity.",Constitutional
I want to know if a second wife's children have equal inheritance rights as those from the first marriage.,Family
"A person created multiple fake reviews under different names to damage my business reputation online, is this actionable?",Cyber
My employer ignored my complaint about a colleague spreading false information about my work performance.,Labour
My employer reduced my notice period pay despite my contract specifying a longer duration.,Labour
I want to understand if gratuity applies to employees who were on a fixed-term contract.,Labour
My neighbour's son disappeared after meeting someone he had been chatting with online for weeks.,Criminal
"I want to challenge a decision denying disability certification without a proper hearing, affecting my access to state benefits.",Constitutional
I found out that the property card for my independent house contains an error regarding the boundaries of the plot.,Property
A friend borrowed money for his sister's wedding and has been avoiding repayment despite the agreed timeline.,Civil
I want to know the correct procedure to file a complaint when the local police station is not cooperating.,Criminal
I believe I was denied a government tender unfairly because of my caste background rather than merit.,Constitutional
"My online subscription was auto-renewed and charged without my consent using stolen card details, what next?",Cyber
What are my constitutional options if a government authority in Kochi continues to ignore my legitimate grievance?,Constitutional
I want to claim damages from a company whose negligence caused a fire in my rented shop.,Civil
"A government department rejected my application without giving any reasons, and I believe this decision was completely arbitrary.",Constitutional
A financial institution has taken possession of my apartment flat even though I was current on all my loan payments.,Property
A group promoted a fake crypto token online and disappeared after collecting money from investors.,Cyber
I want to understand my rights if my company refuses to issue a formal experience letter.,Labour
I want to understand how overtime pay is typically calculated for salaried employees in India.,Labour
My relatives are disputing the authenticity of a will presented after our uncle's sudden passing.,Family
I want to know how property is divided when a person dies leaving behind multiple wives.,Family
"I was scammed by a fake tech support call claiming my computer had a virus, what should I do?",Cyber
I want to challenge a policy that denies certain benefits to citizens purely based on where they were born.,Constitutional
"My grandfather transferred his small plot to one grandchild through a gift deed, and other family members are contesting it now.",Property
I discovered that a state government office has been monitoring my personal communications without informing me or obtaining proper authorization.,Constitutional
"Someone shared my personal documents on a public group without permission, is this punishable?",Cyber
"My husband and I jointly purchased our house, but now we disagree on how to divide it after separation.",Family
"Two people are claiming ownership of the same office space in Bhopal, and I am not sure whose claim is valid.",Property
Someone recorded me without consent during a private moment and is now demanding money to keep it hidden.,Cyber
"The store overcharged me for a trimmer beyond the price printed on the label, and they are refusing to correct the bill.",Consumer
"My younger brother is asking for more than his rightful share in the ancestral apartment flat, and we cannot reach an agreement.",Property
A group broke the lock of our society's gym equipment room and stole several items.,Criminal
"I ordered two air conditioner together, but received only one item, and customer support keeps closing my complaint without any resolution.",Consumer
My relative's shop suffered losses after a contractor's faulty wiring caused frequent power outages during business hours.,Civil
I want to claim gratuity dues from a company that closed down without settling employee accounts.,Labour
"My refund for a returned study table was approved by the platform, but the payment gateway shows it was never actually processed.",Consumer
"There seem to be conflicting entries in the land records for my apartment flat, and I am not sure which one is correct.",Property
"My inverter battery developed a fault under guarantee, but the seller is insisting I pay labour charges which were supposed to be covered.",Consumer
My spouse and I are disputing who should keep our jointly purchased vehicle after separation.,Family
I want to understand my options since my in-laws are pressuring me to have children before I am ready.,Family
My relative wants specific performance of an agreement where a business partner promised to transfer certain assets.,Civil
I want to know if apprentices can claim compensation for injuries sustained during training.,Labour
I want to know whether my married sister has an equal share in our ancestral office space along with the other siblings.,Property
The land records office in Pune shows a different owner for my housing plot than what my sale deed indicates.,Property
My relative's neighbour built an extension that reduced the width of our shared access lane.,Civil
My neighbour's water pipeline leak has been damaging the foundation of my house for months.,Civil
The platform is not allowing me to cancel my motor insurance policy despite the terms clearly stating I can cancel anytime.,Consumer
"The technician sent for home renovation contract did a careless job, and now the underlying problem has actually gotten worse than before.",Consumer
I want to understand my rights if my company changes the leave policy without prior notice.,Labour
"My personal diary app data was leaked after a data breach, what legal recourse do I have?",Cyber
My employer refuses to provide an appointment letter even though I have been working for several months.,Labour
My mother left a will that seems to favour one sibling significantly more than the others.,Family
"Someone is threatening to hack my social media unless I follow their instructions, what should I do?",Cyber
"I am being extorted by someone who hacked my laptop camera, what should I do?",Cyber
The e-commerce site delivered an empty box instead of the water heater I had ordered and paid for in full online.,Consumer
I want to know the process for appointing a guardian for a minor whose parents are unable to care for them.,Family
I want to know whether my married sister has an equal share in our ancestral piece of land along with the other siblings.,Property
I want to understand my rights if my company has been irregular in provident fund payments for years.,Labour
I want to know if an employer can withhold salary until relieving formalities are completed.,Labour
Someone created a fake matrimonial verification service using our company's name to extract personal data.,Cyber
I want to challenge a government order restricting entry of journalists into a public press briefing without clear reasoning.,Constitutional
A dog kennel run by my neighbour causes constant barking that disturbs the entire street at night.,Civil
My relative's office safe was found broken into over the weekend with important files missing.,Criminal
I want to modify our custody arrangement since my ex-wife's relocation has made the current schedule impractical.,Family
My company denied severance pay despite my department being completely shut down.,Labour
Someone hijacked my personal blog's comment section to post spam links to unrelated websites.,Cyber
I want to know if a handwritten will without witnesses holds any legal validity.,Family
My husband's brother attacked him with a rod during a family argument over shared property.,Criminal
My private travel vlogs were downloaded and reuploaded on another channel with different narration.,Cyber
My relative's recipe was copied and used commercially by a former kitchen staff member without permission.,Civil
"My grandfather transferred his row house to one grandchild through a gift deed, and other family members are contesting it now.",Property
I want to understand the scope of a non-compete agreement I signed at the start of my employment.,Labour
My workplace requires me to work extended hours beyond the standard limit almost every day.,Labour
"A relative alleges that police used excessive force during interrogation, leaving visible injuries.",Criminal
"Someone hacked into my college portal and changed my academic records, what legal action is possible?",Cyber
My colleague took a loan from me stating urgent medical needs but has since ignored repayment requests.,Civil
My relative refuses to return furniture that was given to him temporarily during a family relocation.,Civil
I want to know whether a gift deed for an office space can be legally cancelled once it has already been registered.,Property
A person is using automated scripts to repeatedly send spam messages to my business inbox.,Cyber
My friend gave his car to a mechanic for repair and the mechanic sold it without permission.,Criminal
My employer denied paternity leave despite the company policy clearly stating eligibility for new fathers.,Labour
Someone created an account pretending to be a well-known personality and is misleading their followers for personal gain.,Cyber
A group set fire to a pile of election campaign material outside our party office.,Criminal
My cousin wants to know if she can claim a share of her husband's ancestral property after his sudden death.,Family
My employer is enforcing a non-compete clause that prevents me from working in the same industry.,Labour
My cousin promised to repay a personal loan after receiving his salary but has been delaying for months.,Civil
Someone has been sending our family repeated threats through anonymous notes left near our gate.,Criminal
"My father transferred a housing plot to my maternal uncle through a gift deed, but I believe this transfer was made under pressure.",Property
I want to question whether a candidate contesting an election actually meets the constitutional qualifications required for that public office.,Constitutional
A person who reported a crime to the police is being harassed by the accused party's relatives.,Criminal
I want to know how to reclaim possession of my farmhouse from squatters who moved in without my permission.,Property
Someone made off with donation boxes from outside a local gurdwara during the night.,Criminal
We want to finalize the adoption of a child we have been fostering for two years.,Family
I want to understand our rights as grandparents to seek visitation after our son's divorce.,Family
I want to know if the state can restrict who is allowed to contest elections for a specific community-based seat.,Constitutional
The dealer added processing charges to my wardrobe bill that were never mentioned before I agreed to make the purchase.,Consumer
"Someone accessed my cloud storage and leaked my personal photos, what should I do?",Cyber
I want to challenge a government policy that seems to treat citizens from certain states differently without any reasonable justification.,Constitutional
My co-founder left the business abruptly without settling his share of the outstanding liabilities.,Civil
The platform is not allowing me to cancel my OTT streaming subscription despite the terms clearly stating I can cancel anytime.,Consumer
My piece of land was used as collateral for a loan taken by a family member who has now defaulted on the repayment.,Property
My cousin wants to know if paternity can be legally challenged years after a child's birth.,Family
A distributor is selling our products below the price fixed in our written distribution agreement.,Civil
What are my constitutional options if a government authority in Hyderabad continues to ignore my legitimate grievance?,Constitutional
"A person created a fake rÃ©sumÃ© with my educational details to apply for internships, how do I stop this?",Cyber
My salary was reduced without any prior notice or explanation from the management.,Labour
The police detained my nephew for two days without informing our family or telling us the reason.,Criminal
"A stranger created an account using my late relative's photo to scam people, how do I report this?",Cyber
Someone has encroached upon a part of my ancestral house by building a wall well beyond their actual boundary line.,Property
"My siblings and I inherited a duplex house, but we cannot agree on how to divide it among ourselves fairly.",Property
The e-commerce site delivered an empty box instead of the leather jacket I had ordered and paid for in full online.,Consumer
"The district administration denied me a government service on the basis of my caste, and I want to challenge this as discriminatory.",Constitutional
"I paid in advance for a refrigerator that was never delivered, and now the seller is not responding to my refund requests at all.",Consumer
My relative was attacked and robbed while waiting alone at a deserted bus stop late at night.,Criminal
I want to challenge a rule restricting who can be appointed to a statutory public body based on unclear eligibility norms.,Constitutional
"A family member is claiming that our late father verbally promised him a duplex house, though nothing was ever put in writing.",Property
Someone stole an entire consignment of goods from our delivery truck while it was parked overnight.,Criminal
I want to know if verbal promises made during my job interview are legally binding.,Labour
"I want to contest a will that excludes me entirely, despite being a legitimate heir.",Family
I want to evict a tenant from my row house who has not paid rent for several months despite repeated reminders.,Property
My mother-in-law is holding onto items that were clearly given to me personally during the wedding.,Family
My employer is disputing my eligibility for pension despite years of consistent service.,Labour
Someone confined my cousin inside a room for several hours during a dispute over money owed.,Criminal
A stranger has been posting our family photos along with our home address on a public forum.,Cyber
"My neighbour plays loud music every night, and it has become unbearable despite repeated requests to stop.",Civil
My sister is claiming ownership of our agricultural land even though it was registered solely in my father's name.,Property
My husband has stopped supporting me financially even though we are still legally married.,Family
A company breached our advertising contract by not publishing our promotional content as agreed.,Civil
My company is pressuring me to return early from maternity leave before the completion of the period.,Labour
A former employee is contacting our clients directly despite signing a non-solicitation clause in his contract.,Civil
"My geyser caught fire due to a wiring fault, and the manufacturer is refusing to accept any responsibility for the damage caused.",Consumer
"I paid in advance for a sewing machine that was never delivered, and now the seller is not responding to my refund requests at all.",Consumer
A local council denied permission for citizens to hold a candle march commemorating a public tragedy without valid reason.,Constitutional
"My relative's spouse left the matrimonial home, and she wants to know her legal options moving forward.",Family
"A logistics company delivered goods to the wrong address, resulting in losses for our business.",Civil
Someone keeps ringing our doorbell at odd hours and running away to disturb our family.,Criminal
I was charged a hefty cancellation fee for a matrimonial site subscription even though I cancelled well within the allowed free cancellation period.,Consumer
Someone filed a false complaint against me at the police station just to harass me over a personal issue.,Criminal
A stranger accessed my private recipe blog's backend and altered content without authorization.,Cyber
My brother-in-law used a power of attorney to sell our family's vacant plot without informing the rest of the family members.,Property
"The technician sent for mobile repair service did a careless job, and now the underlying problem has actually gotten worse than before.",Consumer
My relative wants to know if she can claim maintenance despite having a modest income of her own.,Family
I want a court to direct a person to return borrowed farming tools that he refuses to give back.,Civil
My company reduced my paternity leave request without providing any valid justification.,Labour
My agricultural land was used as collateral for a loan taken by a family member who has now defaulted on the repayment.,Property
Is it possible to legally question a government decision that seems to unfairly restrict my constitutional freedoms?,Constitutional
My friend's sister was inappropriately touched by a stranger on a crowded public bus.,Criminal
A government office in Ahmedabad is treating me differently from other applicants purely because of my community background.,Constitutional
Is there a way to get compensation for the mental harassment caused by a faulty geyser that the seller refuses to fix?,Consumer
My employer is asking me to pay for training costs mentioned in my employment bond after resignation.,Labour
My cousin wants to understand what happens if one spouse refuses to attend scheduled family court hearings.,Family
"After registering the sale deed for my family house, I discovered the seller did not have full ownership rights to sell it.",Property
My family house title shows an old encumbrance that was supposed to have been cleared years ago but was never updated.,Property
My company is asking me to pay a penalty for resigning before completing my notice period.,Labour
Someone was caught trying to forge signatures on cheques belonging to an elderly relative in our family.,Criminal
I have not received my salary since I raised concerns about unsafe working conditions at the factory.,Labour
A person has been sending threatening voice messages to my father through an unknown number.,Criminal
A person was hospitalized after consuming sweets that were allegedly laced with a harmful substance.,Criminal
A public authority is restricting access to government data that citizens are constitutionally entitled to review.,Constitutional
My employer is pressuring me to resign after I got injured while operating factory equipment.,Labour
My company is threatening legal action for joining a competitor despite a vague non-compete clause.,Labour
I found out that the property card for my village land contains an error regarding the boundaries of the plot.,Property
My relative wants to know if age difference between adoptive parent and child affects eligibility for adoption.,Family
"My husband took a loan in my name without my knowledge, and now we are separating.",Family
My younger brother refuses to hand over possession of the agricultural land even after a partition was agreed upon by the family.,Property
A stranger has taken illegal possession of my warehouse property while I was living abroad for several years.,Property
A trusted family friend took money for investment purposes and never returned it or gave any updates.,Criminal
A government employer transferred me to a distant location in a manner that seems arbitrary and unrelated to any administrative need.,Constitutional
Someone accessed my private meal planning app and shared my dietary information without authorization.,Cyber
"The property maintenance service I pay for every month has stopped functioning properly, yet the charges remain the same.",Consumer
"I paid for property maintenance service, but the quality of service has been extremely poor and far below what was promised at the time of signing up.",Consumer
Someone was seen throwing a suspicious substance into our well after an argument over water sharing.,Criminal
"I received an electricity bill with an amount far higher than my actual usage, and the provider is not correcting the meter reading error.",Consumer
I want to claim compensation from a neighbour whose broken drainage pipe has been flooding my courtyard.,Civil
My employer is discriminating against me based on my age when it comes to promotions and new projects.,Labour
"I bought a water purifier in Nagpur last month and it broke down almost immediately, but the shop owner denies any fault in the product.",Consumer
A person shared my private phone number and home details online after we had an argument.,Cyber
Someone is forcing local vendors to pay protection money or face violence in our market area.,Criminal
My maternal uncle has been occupying the entire ancestral piece of land and refuses to let other family members access their share.,Property
I want to challenge a rule requiring citizens to reveal personal beliefs as a condition for receiving a government subsidy.,Constitutional
I want to know if family court proceedings differ significantly from regular civil court hearings.,Family
I want to understand how inheritance works for a family where the deceased had no direct descendants.,Family
A local authority denied a community group's request to install a public memorial without giving a valid reason.,Constitutional
"My employer asked me to resign immediately, threatening termination if I refused.",Labour
Someone shared my private consultation details from an online counseling session without my consent.,Cyber
What can I do if a car rental service provider refuses to fix a recurring problem despite my numerous complaints and follow-ups?,Consumer
My office space sale is stuck because the buyer is refusing to pay the remaining balance despite the agreement being signed.,Property
My employer is paying me less than what was agreed upon in my offer letter.,Labour
I want to know my rights regarding a pathway that runs through my independent house which my neighbour uses to access their house.,Property
My husband is threatening to take our children abroad without my consent during our divorce proceedings.,Family
A person created a fake customer loyalty verification email using our airline's name to collect passport details.,Cyber
"I paid for an annual health insurance policy but the facility shut down within a few months, and they are refusing to refund the remaining amount.",Consumer
"My employer is asking me to opt out of provident fund contributions, which seems unusual.",Labour
"My company reduced my salary during probation, which was not mentioned in my original offer.",Labour
"My DTH television subscription auto-renewed without my consent, and the company charged my card despite me never approving the renewal.",Consumer
My housing society is claiming ownership over a portion of land that I believe legally belongs to my individual flat.,Property
My employer is asking piece-rate workers to meet unrealistic targets without any corresponding wage revision.,Labour
I want to know if my job is protected while I am on approved medical leave.,Labour
I was charged extra hidden fees while purchasing a dinner set that were never mentioned anywhere during the checkout process.,Consumer
A woman was assaulted by a group of men while returning home late from her workplace.,Criminal
A public authority cancelled my previously approved permit without giving me any opportunity to respond to their concerns.,Constitutional
"Someone used my PAN card details to file a fraudulent tax return, what should I do?",Cyber
"My family has been living on this commercial shop for decades, but a private company now claims it owns the land.",Property
I want to claim damages from a contractor whose incomplete roofing caused water damage during monsoon.,Civil
My relative co-owns a shop with a partner who is refusing to allow an audit of joint finances.,Civil
How do I legally establish my ownership over a family house that has been in dispute with a family member for years?,Property
My wife's new partner is influencing our children in ways that concern me deeply.,Family
I want to challenge a government circular that restricts citizens from wearing symbols associated with their ethnic identity at work.,Constitutional
A rival shop owner filed a fabricated complaint accusing my father of assault that never happened.,Criminal
"A person circulated false information claiming my shop sells counterfeit goods, hurting my business badly.",Civil
I want to establish a formal visitation schedule that both my ex-spouse and I can follow.,Family
Someone mixed a harmful substance into the food served at a community gathering.,Criminal
I want to know if my wife has any claim over investments I made entirely with my own income.,Family
A gang has been operating an unauthorized toll collection point on a public road.,Criminal
A local council is denying representation to women in a public consultation process without adequate justification.,Constitutional
My public speech criticizing the local administration was shut down midway by police citing unspecified security concerns.,Constitutional
I want to understand if apprentices are entitled to a minimum stipend under employment norms.,Labour
"An advertisement claimed my electric kettle had a special feature, but after buying it I discovered that claim was completely false.",Consumer
I want to contest my wife's divorce petition because I believe the allegations against me are false.,Family
How do I legally establish my ownership over a farmhouse that has been in dispute with a family member for years?,Property
"My bank sent an alert for a transaction I never authorized from another city, what legal steps should I take?",Cyber
I want to question the legal authority of a person who has been appointed to hold a public office in Nagpur.,Constitutional
I want to file a complaint regarding poor ventilation and unsafe air quality at my workplace.,Labour
I want to know if the state can require citizens to obtain prior approval before publishing material about government functioning.,Constitutional
I gave a loan to a business acquaintance on a written promissory note that has now become overdue.,Civil
Is it possible to claim a refund for a gas stove purchased in Ahmedabad that stopped working just days after delivery?,Consumer
Someone left an elderly relative stranded far from home after promising to drop them off safely.,Criminal
Someone attacked my father's shop assistant after mistaking him for someone involved in another dispute.,Criminal
I want to challenge a government rule that seems to restrict citizens' freedom to choose their occupation without valid reasoning.,Constitutional
Someone threw a brick through our window during a dispute about loud music at a party.,Criminal
A person filed a false FIR against my brother to prevent him from filing his own complaint first.,Criminal
My employer pays salary in cash and refuses to provide any written proof of payment.,Labour
"My neighbour has slowly encroached onto my land over the years, and now a portion of my residential plot is being used by them.",Property
A person has been sending threatening letters to our house demanding we leave the locality.,Criminal
I want to understand penalties applicable to employers who fail to deposit provident fund on time.,Labour
I was asked to remove a peaceful protest banner from outside my shop by municipal authorities without any clear legal reasoning.,Constitutional
"The showroom promised to replace my pair of branded sunglasses within seven days of purchase, but they keep giving excuses every time I follow up.",Consumer
"My neighbour has slowly encroached onto my land over the years, and now a portion of my independent house is being used by them.",Property
A car rental company is refusing to refund my deposit despite returning the vehicle undamaged.,Civil
My company offered a severance package that seems significantly lower than industry standards.,Labour
I want to know my options after being sold a laptop that turned out to be completely different from what was advertised.,Consumer
"I bought a laptop in Chennai last month and it broke down almost immediately, but the shop owner denies any fault in the product.",Consumer
"A public university disciplined a student for expressing a political opinion, and I want to know if this violates free speech.",Constitutional
I want to understand how debts accumulated during marriage are divided between spouses after separation.,Family
I was detained briefly for raising slogans against a government policy during a peaceful demonstration in Lucknow.,Constitutional
I want to know if irregular shift scheduling without notice violates standard employment practices.,Labour
I want to understand if remote employees have the same grievance redressal process as office staff.,Labour
A person borrowed my printer for office use and has not returned it despite several requests over months.,Civil
"I have the original warranty card for my pressure cooker, yet the authorised service centre is denying free repair citing some hidden clause.",Consumer
I want to claim compensation for damages caused when a delivery truck hit my parked vehicle.,Civil
"The showroom delivered my new scooter with visible scratches and dents, but is refusing to replace the damaged parts for free.",Consumer
Someone is impersonating a well-known doctor online to give medical advice and collect consultation fees.,Cyber
A stranger is threatening to share my old private chats with my current employer.,Cyber
"I received an SMS with a malicious link that stole my banking credentials, what should I do next?",Cyber
"I want to cancel my cloud storage subscription within the free trial period, but the company keeps making it impossible to actually cancel.",Consumer
The rental agreement for my residential plot has an unusual clause that I am worried may not be legally enforceable.,Property
My private online dance class recordings were leaked and circulated without my permission.,Cyber
I want to know if the state can restrict citizens from a certain state from purchasing property freely within another state.,Constitutional
My vacant plot title shows an old encumbrance that was supposed to have been cleared years ago but was never updated.,Property
"I found my personal data being sold on a website, what legal action can I take?",Cyber
I want to divorce my wife because she left the matrimonial home without any explanation.,Family
My relative wants to adopt a child but is unsure how existing biological children's rights will be affected.,Family
I was detained briefly for raising slogans against a government policy during a peaceful demonstration in Nagpur.,Constitutional
A public authority barred a group of citizens from observing a court hearing that should ordinarily be open to the public.,Constitutional
"My elderly parent was scammed by someone posing as a government official over a phone call, how do I report this?",Cyber
"My hair dryer delivery has been delayed by nearly three weeks now, and the tracking page has not updated in days.",Consumer
Someone threatened my sister with acid attack if she refused to meet him.,Criminal
"I ordered a printer online, but the package I received contained a completely different and cheaper item inside the box.",Consumer
I need to understand my legal right of way over a narrow strip of land that connects my village land to the main road.,Property
A stranger created a fake review platform account using my professional credentials to mislead clients.,Cyber
My relative wants to formally transfer guardianship responsibilities to another family member due to health reasons.,Family
I want to claim damages from a construction company whose faulty work caused water leakage in my house.,Civil
What are my constitutional options if a government authority in Bhopal continues to ignore my legitimate grievance?,Constitutional
"I found a fake LinkedIn profile using my name and work history to scam recruiters, how do I report it?",Cyber
A relative was abducted while walking home from work and was released only after a ransom was paid.,Criminal
I want to know if my company is required to conduct periodic health checkups for factory employees.,Labour
My business partner is refusing to honour the terms of our partnership deed regarding profit sharing.,Civil
"I noticed duplicate charges on my card for a single purchase of a laptop, and the merchant is not refunding the extra amount.",Consumer
I want to know the typical timeline for resolving custody disputes through family court mediation.,Family
My siblings and I are disputing how our late father's property should be divided among us.,Family
My company reduced my role responsibilities after I returned from maternity leave without explanation.,Labour
"I believe I was excluded from a public welfare scheme due to my religion, and I want to question this exclusion.",Constitutional
"My live-in partner left suddenly, and I want to understand what legal protections I have.",Family
My relative wants to recover her stridhan after her husband unexpectedly filed for divorce.,Family
I want to become the legal guardian of my younger sibling after our parents passed away.,Family
A public authority denied permission for citizens to conduct a peaceful awareness walk regarding an environmental issue.,Constitutional
"I want a replacement for my faulty power bank, but a franchise store keeps sending a technician instead of giving me a new unit as promised.",Consumer
I want to challenge a gift deed through which my agricultural land was transferred to a relative without my knowledge.,Property
Someone is using stolen photos from my private album to catfish people on a dating app.,Cyber
My brother-in-law is claiming ownership of our vacant plot even though it was registered solely in my father's name.,Property
I want to recover money owed by a client who has been avoiding payment for completed consulting work.,Civil
"The product description online promised certain features for the leather jacket, but what I received does not match those claims at all.",Consumer
"I paid for express delivery of a water heater, but it arrived more than ten days late without any explanation from the platform.",Consumer
A person accused my son of theft without any proof just to settle a college rivalry.,Criminal
My uncle's godown was broken into and several sacks of stored grain went missing.,Criminal
"During probate proceedings, my siblings and I disagree on the correct valuation of our late father's vacant plot.",Property
My business partner has been secretly diverting company funds into his personal account for months.,Criminal
What are my constitutional options if a government authority in Nagpur continues to ignore my legitimate grievance?,Constitutional
My private yoga class recordings were shared outside the group by another participant without my consent.,Cyber
"I received a land acquisition notice for my ancestral warehouse property, and I want to understand my rights in this process.",Property
My employer changed my reporting manager without informing me about the reasons behind the decision.,Labour
A group threatened our watchman and stole diesel from generators kept at a construction site.,Criminal
My employer denies personal protective equipment to workers handling hazardous chemicals regularly.,Labour
"A driver hired for our office van caused an accident due to negligence, damaging company property.",Civil
I want to know if employment bonds are enforceable if I want to leave my job early.,Labour
I want to evict a tenant from my family house who has not paid rent for several months despite repeated reminders.,Property
I want to know whether my married sister has an equal share in our ancestral urban plot along with the other siblings.,Property
A logistics company damaged my furniture during relocation despite an agreement covering full protection.,Civil
"My banking locker service keeps failing repeatedly, and despite multiple complaints, the provider has not sent anyone to properly fix the issue.",Consumer
My personal website was defaced overnight and replaced with unrelated content by an unknown person.,Cyber
My relative's marriage may be invalid since her husband was already married at the time.,Family
"The camera I purchased has a manufacturing defect, but the brand's customer care keeps closing my complaint ticket without resolving it.",Consumer
My uncle wants to claim maintenance from his children after being neglected for several years.,Family
"My request for information about a government decision affecting me was ignored, and I believe this undermines my right to know.",Constitutional
I want to challenge the constitutional validity of a rule that bars certain citizens from holding a particular public office.,Constitutional
My employer denied my request for a copy of my signed employment contract.,Labour
"My neighbour's construction blocked sunlight to my house, violating an earlier mutual understanding between us.",Civil
I want to claim back household items and personal belongings that remained with my husband after separation.,Family
"I paid for an annual broadband internet plan but the facility shut down within a few months, and they are refusing to refund the remaining amount.",Consumer
"I noticed duplicate charges on my card for a single purchase of a geyser, and the merchant is not refunding the extra amount.",Consumer
"The municipal corporation rejected my application without giving any reasons, and I believe this decision was completely arbitrary.",Constitutional
The billboard advertisement for a mobile phone sale mentioned a price that was very different from what I was actually charged in-store.,Consumer
"A salesperson promised free accessories with my air conditioner purchase, but the store later refused to give any of those promised items.",Consumer
"I noticed duplicate charges on my card for a single purchase of a sewing machine, and the merchant is not refunding the extra amount.",Consumer
I want to know how to report unfair promotion practices happening within my organization.,Labour
My employer denies annual increments despite consistently positive performance reviews over multiple years.,Labour
My husband wants his children from his first marriage to inherit equally alongside our children together.,Family
I want to challenge a government policy requiring citizens to renounce certain personal choices to access a public benefit.,Constitutional
"A government hospital refused to treat me because I could not produce a specific identity document, even in an emergency.",Constitutional
"A stranger is asking my teenage daughter to meet in person after chatting online, what legal steps can we take?",Cyber
My employer is asking me to use personal funds for office expenses without timely reimbursement.,Labour
A person created a fake power of attorney to sell property that did not belong to him.,Criminal
A person created a fake customer verification form using our hospital's name to collect patient details.,Cyber
I was denied entry into a public building by security staff because of the way I was dressed for religious reasons.,Constitutional
My employer denies clarity on how my role will be affected following a company restructuring.,Labour
My daughter was followed by a man for several days who eventually tried to grab her outside college.,Criminal
I want to know how to legally divide an ancestral family house among four siblings who all have equal claims.,Property
"My husband refuses to pay any alimony, claiming he has no stable income currently.",Family
I want to enforce a written agreement where my business partner promised specific responsibilities that he never carried out.,Civil
I want to know if I can request compensatory leave for working on weekends occasionally.,Labour
"My insurer is taking unusually long to process my claim, and customer support is not giving me any clear update or reason.",Consumer
My relative's daughter was assaulted by a stranger while walking back from the market alone.,Criminal
I want to know how to reclaim possession of my apartment flat from squatters who moved in without my permission.,Property
My relative's business partner is keeping company vehicles even though he has left the partnership.,Civil
I was charged extra hidden fees while purchasing a geyser that were never mentioned anywhere during the checkout process.,Consumer
Someone threatened my father with dire consequences if he continued to support a rival candidate in local elections.,Criminal
"Someone tried to forcibly take a child from the school bus stop, but bystanders intervened in time.",Criminal
We adopted a child years ago and now want to understand our rights regarding inheritance for them.,Family
Someone created a fake customer rewards portal using our retail brand to collect payment details.,Cyber
My subscription streaming account was accessed by someone else and my preferences were changed.,Cyber
The company is refusing to honour the warranty on my mobile phone saying I did not register it online within a specific time.,Consumer
"I inherited a residential bungalow from my grandfather, but a distant relative is now disputing my ownership over it.",Property
"My name was removed from the voter list without any explanation, and I want to know how to challenge this decision.",Constitutional
"My gaming account credentials were shared publicly, resulting in unauthorized purchases being made.",Cyber
"I lost money through a fake investment app that promised high returns, how do I report this?",Cyber
"I suffered a serious injury at work, and my employer is refusing to provide any compensation.",Labour
"I signed a lease agreement for an agricultural land, but the landlord is now demanding an increase in rent before the agreed term.",Property
I want to know my rights if I am terminated during probation without any prior warning.,Labour
A nearby workshop's constant noise and vibration are affecting the peace of our residential street.,Civil
We suspect that CCTV footage relevant to a robbery case was deliberately deleted by someone involved.,Criminal
My husband and I have decided to live separately while we work through our marital issues.,Family
A group of strangers occupied an empty plot belonging to our family and refuse to vacate.,Criminal
A stranger created a fake customer verification call script using our bank's branding to collect information.,Cyber
A state government withdrew recognition from a minority institution without following any fair or transparent procedure.,Constitutional
My relative's cattle were stolen from the shed despite the gate being locked overnight.,Criminal
A group entered our under-construction building site and stole construction materials worth a large amount.,Criminal
"I paid for an annual online tuition course but the facility shut down within a few months, and they are refusing to refund the remaining amount.",Consumer
I want to challenge a rule barring certain citizens from applying for government housing schemes based on unclear eligibility criteria.,Constitutional
My company denied my provident fund transfer request after I switched to a new employer.,Labour
"My husband changed the locks on our home, preventing me from entering after a disagreement.",Family
I want to understand if my company must provide outplacement support during mass layoffs.,Labour
I want to know if family court decisions regarding maintenance can be appealed later.,Family
"The mobile phone I ordered online turned out to be a used, refurbished piece even though it was listed as brand new. Can I file a complaint?",Consumer
My employer denies me weekly offs despite working continuously as a full-time domestic helper.,Labour
I believe the municipal corporation is discriminating against me on the basis of my gender while processing my application.,Constitutional
A person was caught selling electronics that were later identified as stolen from a warehouse.,Criminal
I want to understand my rights regarding an employment bond signed during my training period.,Labour
I want to know if I can withdraw my divorce petition after filing it in court.,Family
"I entered a written contract for solar panel installation, but the company delivered incomplete work.",Civil
"My landlord wants to sell the vacant plot I am renting, and I want to know how this affects my current tenancy rights.",Property
My business associate is refusing to reimburse expenses incurred on behalf of our joint venture.,Civil
"A workshop near our home operates heavy machinery through the night, disturbing our sleep regularly.",Civil
I want to challenge a government decision denying my community access to a public well that has been used for generations.,Constitutional
I want to question the legal authority of a person who has been appointed to hold a public office in Surat.,Constitutional
"I paid for DTH television subscription, but the quality of service has been extremely poor and far below what was promised at the time of signing up.",Consumer
"The gym I joined promised certain facilities in their gym membership, but most of the equipment mentioned is simply not available.",Consumer
Someone posted misleading comments about my professional conduct in a community WhatsApp group.,Civil
"My child received inappropriate messages from a stranger online, how do I report this?",Cyber
I want to know whether the state can restrict access to a public temple based on gender without violating equality rights.,Constitutional
A woman was forced into a vehicle against her will outside a railway station in broad daylight.,Criminal
"Despite following up for weeks about my faulty sewing machine, the company's helpline keeps giving me a different excuse every single time.",Consumer
My relative wants to understand custody rights for twins when parents are unable to agree on arrangements.,Family
"Someone repeatedly enters our compound at night despite being warned, and we fear for our safety.",Criminal
"The store overcharged me for a microwave oven beyond the price printed on the label, and they are refusing to correct the bill.",Consumer
A stranger accessed my private journaling app and shared entries from my personal diary.,Cyber
"My grandmother is asking for more than his rightful share in the ancestral independent house, and we cannot reach an agreement.",Property
Someone hit my brother with a car deliberately after an argument at a traffic signal.,Criminal
Someone hijacked my podcast's official account and started posting unrelated promotional content.,Cyber
"Someone hacked my WhatsApp using my number and is messaging my contacts, what can I do?",Cyber
I want to know if I can negotiate better severance terms before signing a layoff agreement.,Labour
"I cancelled my gym membership weeks ago, yet the company continues to deduct the monthly amount from my card.",Consumer
My company records my overtime hours but has never paid me for any of it.,Labour
A person threatened to burn down our shop if we didn't withdraw our complaint against him.,Criminal
Can I take legal action against someone who has occupied my warehouse property without my permission for several years?,Property
Someone brandished a country-made pistol during an argument at a wedding function in our village.,Criminal
Can I take legal action against someone who has occupied my residential plot without my permission for several years?,Property
"My vacant plot is being acquired by the state for a public project, and I have concerns about the compensation offered.",Property
My relative's young daughter was slapped repeatedly by a school staff member for a minor mistake.,Criminal
"I purchased a gaming console from an online marketplace, and it turned out to be a counterfeit copy of the original branded product.",Consumer
What can I do if my co-owner is trying to sell a jointly owned independent house without informing me at all?,Property
The land records office in Bhopal shows a different owner for my vacant plot than what my sale deed indicates.,Property
The mutation entry for my residential plot still shows my late father's name even though I am the legal heir now.,Property
I want to know if gig economy workers are entitled to any form of social security benefits.,Labour
The municipal corporation is preventing me from practicing my trade in a public market without giving any valid legal reason.,Constitutional
A group seems to be coordinating to illegally occupy vacant government land in our area.,Criminal
My father's complaint was registered as a general diary entry instead of an FIR despite the seriousness of the incident.,Criminal
I want to understand my rights if my ex-spouse makes major decisions about our children without consulting me.,Family
"My brother, who filed a police complaint, is now being pressured by relatives of the accused to drop the case.",Criminal
I want to know if remarriage affects custody arrangements established during my previous divorce.,Family
My brother received a message saying he would be attacked if he continued visiting a particular area.,Criminal
"My hair dryer is still within the warranty period, but the service centre is asking me to pay for a repair that should be free.",Consumer
"My wife feels disrespected by my family, and it has become a major source of conflict between us.",Family
The mutation entry for my agricultural land still shows my late father's name even though I am the legal heir now.,Property
"A salesperson promised free accessories with my gaming console purchase, but the store later refused to give any of those promised items.",Consumer
I want to know if my child born outside marriage has the same legal rights as those born within marriage.,Family
I want to know how to legally divide an ancestral village land among four siblings who all have equal claims.,Property
I want to know how long an employer can legally delay salary payments to employees.,Labour
"I purchased a kids' toy from an online marketplace, and it turned out to be a counterfeit copy of the original branded product.",Consumer
"My wife and I disagree about supporting both sets of parents financially, causing tension at home.",Family
"A government official denied my request without following any established procedure, and I want to challenge this arbitrary action.",Constitutional
My employer is deducting an unexplained amount from my salary every month without any breakdown.,Labour
I discovered that a central government authority has been monitoring my personal communications without informing me or obtaining proper authorization.,Constitutional
I want to know if my mother-in-law's constant criticism can be addressed through any family remedy.,Family
A local body is preventing citizens from accessing a public ground for recreational activities without any clear justification.,Constitutional
I want to know whether a state government can restrict the broadcast of a documentary critical of its policies.,Constitutional
I was detained briefly for raising slogans against a government policy during a peaceful demonstration in Ludhiana.,Constitutional
I want to know if seasonal agricultural workers are entitled to any statutory benefits under employment norms.,Labour
Someone accessed my fitness app account and shared my private health data on a public forum.,Cyber
I want to know whether a state can impose a blanket ban on all public assemblies for an indefinite period.,Constitutional
A government office in Hyderabad is treating me differently from other applicants purely because of my community background.,Constitutional
"My courier package containing a valuable geyser went missing in transit, and the courier company is refusing to compensate me.",Consumer
"Despite following up for weeks about my faulty pressure cooker, the company's helpline keeps giving me a different excuse every single time.",Consumer
"I gave a loan to a family friend based on mutual trust, but he denies the arrangement now.",Civil
I want to understand if my employment contract's non-compete clause is enforceable after I resign.,Labour
The rental agreement for my orchard land has an unusual clause that I am worried may not be legally enforceable.,Property
My father was assaulted by a group of men after a dispute over a parking spot escalated.,Criminal
A man kicked and punched my cousin repeatedly after a minor collision between their bikes.,Criminal
I want to recover advance payment given to an interior designer who abandoned the project midway.,Civil
"Someone stole my business data and is using it to run a competing service, what legal action is possible?",Cyber
I want to compel a central government authority to perform a legal duty that they have been refusing to carry out for months.,Constitutional
Someone left a note under our door warning us to leave the neighbourhood within a week.,Criminal
I want to claim damages from a driver whose negligence caused an accident damaging my parked vehicle.,Civil
"Someone accessed my online exam portal account and submitted answers on my behalf, what legal steps can I take?",Cyber
"A state government office denied me a government service on the basis of my caste, and I want to challenge this as discriminatory.",Constitutional
"A government college denied me a government service on the basis of my caste, and I want to challenge this as discriminatory.",Constitutional
I want to know whether alimony can be revised if my former spouse remarries.,Family
My private online singing lessons were recorded by a participant and shared without my permission.,Cyber
I want to know whether the state can restrict citizens from displaying political banners on their own private property.,Constitutional
I want to understand the process for claiming compensation after losing partial mobility due to a workplace accident.,Labour
I want to file a formal complaint about a colleague who regularly bullies me during meetings.,Labour
A person I hired for interior design work left the project incomplete and refuses to return the advance.,Civil
I want to know if siblings can be adopted together to avoid separating them during the process.,Family
"My photos from a private event were uploaded online without my permission, what can I do legally?",Cyber
A stranger created a fake customer verification message using our courier service's name to steal information.,Cyber
I was detained briefly for raising slogans against a government policy during a peaceful demonstration in Ranchi.,Constitutional
A state education board denied recognition to a school run by a religious minority without a clear legal basis.,Constitutional
A stranger obtained a private video of me through a hacked app and is demanding payment to delete it.,Cyber
"After my grandmother's death, there is confusion among the family over how her ancestral house should be divided.",Property
We want to know whether both parties must be physically present for the mutual divorce hearing.,Family
The mutation entry for my farmhouse still shows my late father's name even though I am the legal heir now.,Property
My husband is refusing to include our jointly owned property in our divorce settlement discussions.,Family
"A friend took a loan from me stating he would repay after his bonus, but has since avoided the topic.",Civil
I want to know whether continuous facial recognition scanning of citizens in public spaces without consent violates any rights.,Constitutional
"I purchased a duplex house, but the mutation of records in my name has still not been completed by the local authorities.",Property
My sister was followed into a parking lot and grabbed before she managed to escape and call for help.,Criminal
"I was asked to work extra hours without any additional pay, and this has been going on for weeks.",Labour
My brother-in-law used a power of attorney to sell our family's farmhouse without informing the rest of the family members.,Property
I want to know my rights if my company refuses to provide protective gear required for my job.,Labour
"The state transport authority rejected my application without giving any reasons, and I believe this decision was completely arbitrary.",Constitutional
Someone has been supplying banned substances to students outside a school in our area.,Criminal
"My online portfolio was cloned entirely on another domain to mislead clients, what legal action is available?",Cyber
A group of anonymous accounts keeps sending me insulting messages about my weight and looks.,Cyber
"My phone started acting unusual after I installed an app, and I suspect it is secretly monitoring my activity.",Cyber
My relative is threatening to sell a shared family asset before our dispute over its division is resolved.,Civil
I want to seek a residence order to remain in our shared home despite my husband's abusive behaviour.,Family
I want to understand the standard timeline for receiving full and final settlement after resignation.,Labour
I was charged extra hidden fees while purchasing a sewing machine that were never mentioned anywhere during the checkout process.,Consumer
My neighbour's newly installed borewell has reduced the water level in our shared well significantly.,Civil
Someone secretly filmed me changing in a trial room and is now blackmailing me with the footage.,Cyber
We have been living separately for over a year and both agree we want to file for divorce by mutual consent.,Family
I need to understand what documents are required when filing a complaint about a violent incident.,Criminal
How can I verify that a family house I am planning to buy is free from any pending legal disputes?,Property
I want to know if my employer can terminate me without following the notice period mentioned in my contract.,Labour
My uncle was warned that his family would be harmed if he testified against a local strongman.,Criminal
I want to know the steps involved in resolving a boundary dispute with my neighbour over adjoining plots of land.,Property
I want to know if agricultural land can be legally converted for residential use in Bengaluru without violating any rules.,Property
A stranger climbed over our compound wall at night and was found roaming inside our courtyard.,Criminal
I want to understand my rights if my wife refuses to fulfill her marital obligations without valid reason.,Family
A person hired me for event decoration but is now refusing to pay the final installment.,Civil
Can I take legal action against someone who has occupied my family house without my permission for several years?,Property
I want to know how judicial separation differs from divorce in terms of our legal status.,Family
"Someone created a fake charity page using my organization's name to collect donations, how do I report this fraud?",Cyber
"I purchased a piece of land, but the mutation of records in my name has still not been completed by the local authorities.",Property
"My private location was shared publicly through a hacked fitness tracking app, is this a privacy violation?",Cyber
My cousin's shop suffered water damage after a neighbour's pipeline burst without any timely repair.,Civil
My relative's newly planted orchard was deliberately destroyed by unknown persons overnight.,Criminal
I want to know if citizens can challenge a government decision that appears to have been made in bad faith.,Constitutional
I want compensation from an event planner whose poor coordination caused significant losses during our product launch.,Civil
Is there a way to get compensation for the mental harassment caused by a faulty gas stove that the seller refuses to fix?,Consumer
"I paid a repair shop to fix my induction cooktop, but they returned it in a worse condition than before and refuse to fix it again.",Consumer
"Someone told us that our complaint was recorded incorrectly, and important details were left out.",Criminal
A government department is preventing me from practicing my trade in a public market without giving any valid legal reason.,Constitutional
My wife wants a share of the house that was purchased entirely with my personal savings before marriage.,Family
"I received an electric kettle that makes strange noises since day one, and the company keeps delaying the technician visit for weeks now.",Consumer
I found out that the property card for my warehouse property contains an error regarding the boundaries of the plot.,Property
"My order for a printer was marked as delivered by the courier, but I never actually received the package at my address.",Consumer
I want to file for divorce since my wife has been living separately with her family for three years now.,Family
Someone set fire to election banners outside our party office during campaign season.,Criminal
A group was caught printing and distributing counterfeit currency notes in a rented house nearby.,Criminal
My relative's business partner is refusing to honour a written agreement about splitting rental income from a joint property.,Civil
My relative's business partner is refusing to honour a written agreement about splitting company assets.,Civil
My employer extended my probation indefinitely without providing any specific performance feedback.,Labour
"I want to know if minors can inherit property directly, or if a guardian must manage it until they turn eighteen.",Family
"My wife has not lived with me for over two years, and I want to file for divorce on that basis.",Family
"After my grandmother's death, there is confusion among the family over how her row house should be divided.",Property
I want to recover an advance given to a supplier for machinery parts that were never delivered.,Civil
I want to know if resigning due to health reasons affects my gratuity eligibility calculation.,Labour
I want to know if pension benefits transfer when an employee switches between organizations.,Labour
"The sofa set I ordered online turned out to be a used, refurbished piece even though it was listed as brand new. Can I file a complaint?",Consumer
"A public university is failing to fulfil a basic constitutional duty owed to citizens in my area, and I want to act on this.",Constitutional
"A family member is claiming that our late father verbally promised him an apartment flat, though nothing was ever put in writing.",Property
"I have written several emails about my unresolved pest control service issue, but the company never responds with any concrete solution.",Consumer
A contractor is refusing to fix leakage issues that appeared shortly after completing our bathroom renovation.,Civil
A public authority restricted my movement citing preventive reasons without formally arresting me or informing me of specific grounds.,Constitutional
My bank charged me an unexplained maintenance fee on my account despite my balance always being above the required minimum.,Consumer
A public authority denied permission for a peaceful hunger strike outside a government building without providing valid reasons.,Constitutional
A service provider failed to maintain our office equipment as promised under an annual maintenance contract.,Civil
The company is refusing to honour the warranty on my gaming console saying I did not register it online within a specific time.,Consumer
I want to know if provident fund benefits are applicable to employees working part-time.,Labour
Someone who witnessed a robbery near our house is now receiving threatening calls to stay silent.,Criminal
I want to know if I can request a copy of my complete employment record from my company.,Labour
My cousin wants to claim her share of inheritance despite living abroad for the past decade.,Family
"My spouse abandoned me and our children two years ago, and I want to pursue a divorce.",Family
The compensation amount offered for my acquired land seems far below the actual market value of the vacant plot.,Property
I want to recover an advance paid to a tailor for uniforms that were never delivered on time.,Civil
I believe a government hospital is discriminating against me on the basis of my gender while processing my application.,Constitutional
My tenant is causing damage to my family house and refuses to pay for the repairs despite the terms of our lease.,Property
I want to know if I can stop unauthorized construction happening right on the boundary of my housing plot.,Property
I want to know how to check whether my current salary meets the minimum wage requirement.,Labour
My ride-hailing platform blocked my account after a customer complaint without giving me a chance to explain.,Labour
My relative's neighbour has been storing construction debris on our shared pathway for several weeks now.,Civil
Is it possible to claim a refund for a mixer grinder purchased in Guwahati that stopped working just days after delivery?,Consumer
A company used my copyrighted photographs on their website without seeking permission or paying for them.,Cyber
"The local authorities have issued a demolition notice for my orchard land, and I want to challenge it legally.",Property
A government department is refusing to correct an error in my identity records despite me submitting valid supporting documents repeatedly.,Constitutional
I want to question the legal authority of a person who has been appointed to hold a public office in Ahmedabad.,Constitutional
My in-laws are trying to remove me from the family home despite my ongoing marriage to their son.,Family
"A family member in custody is allegedly being denied medical treatment, and I want to know their constitutional protections.",Constitutional
The registrar's office is delaying the registration of my small plot without giving me any clear reason for the delay.,Property
My aunt wants maintenance from her stepchildren since she cared for them throughout their childhood.,Family
My relative refuses to return jewellery kept with him for safekeeping during a family function.,Civil
I want to know if maintenance claims differ for parents living with one child versus living independently.,Family
A man was caught trying to break the lock of a two-wheeler parked outside our building.,Criminal
"My family disapproves of my interfaith marriage, and I want to understand my legal rights as a couple.",Family
My daughter was followed and grabbed by a stranger while returning from tuition classes.,Criminal
"The showroom promised to replace my bicycle within seven days of purchase, but they keep giving excuses every time I follow up.",Consumer
"The bank is threatening to take possession of my row house over a loan default, and I want to know my rights.",Property
A local authority denied permission for street vendors to operate in an area without providing a clear administrative reason.,Constitutional
Someone poured a chemical substance on our parked car damaging the paint completely.,Criminal
I want to challenge a rule preventing citizens from a certain occupation from being considered for a public honour.,Constitutional
I want to know if a wife automatically loses her right to the matrimonial home after separation.,Family
A government office in Ludhiana is treating me differently from other applicants purely because of my community background.,Constitutional
"My father wants to claim maintenance despite owning some property, since he has no regular income.",Family
"A group of five armed men entered our house at night, tied us up, and looted valuables from every room.",Criminal
I want to understand who can be appointed as a guardian if both parents pass away suddenly.,Family
"My manager openly favors certain team members when assigning high-visibility projects, affecting my career progress.",Labour
"My family has been living on this apartment flat for decades, but a private company now claims it owns the land.",Property
"I paid for gym membership, but the quality of service has been extremely poor and far below what was promised at the time of signing up.",Consumer
Someone is threatening to release private voice recordings from a family dispute unless demands are met.,Cyber
The e-commerce site delivered an empty box instead of the wristwatch I had ordered and paid for in full online.,Consumer
I want to know if my employer can monitor my personal device usage during remote working hours.,Labour
A rival contractor spread rumours about my company's construction quality to potential clients.,Civil
I want to understand if remote employees are entitled to reimbursement for home office expenses.,Labour
An unknown person created a fake profile of our late family member to solicit sympathy donations online.,Cyber
"Two people are claiming ownership of the same ancestral house in Ahmedabad, and I am not sure whose claim is valid.",Property
The local police stopped me from organizing a peaceful protest march even though I had followed all the required procedures.,Constitutional
Is it possible to claim a refund for a new car purchased in Pune that stopped working just days after delivery?,Consumer
A group chat was created specifically to mock and humiliate a former colleague of mine.,Cyber
"I sent an important parcel through a courier service, and it has been over a month with no update on its actual delivery.",Consumer
Someone created a fake customer satisfaction survey using our brand to collect personal information.,Cyber
"My complaint regarding a defective motorbike was acknowledged by customer care, but no action has actually been taken so far.",Consumer
"I was sold a pair of branded sunglasses under the false claim that it was imported, but later I found out it was locally manufactured.",Consumer
"I was asked to install a screen-sharing app by a fraudulent caller and lost money, what should I do?",Cyber
A person borrowed money from my sister for his daughter's admission fees and has yet to repay any of it.,Civil
I believe a public university is discriminating against me on the basis of my gender while processing my application.,Constitutional
A person I know socially borrowed money for an emergency and now denies any such transaction occurred.,Civil
My employer denied my request for a transfer closer to home despite genuine family circumstances.,Labour
The e-commerce site delivered an empty box instead of the smart TV I had ordered and paid for in full online.,Consumer
"My relative's landlord cancelled a rental agreement suddenly, even though the lease term had not ended.",Civil
My wife is not allowing me to see our son even though we are still going through divorce proceedings.,Family
My brother was picked up by police for questioning and kept overnight without any formal arrest memo being given to us.,Criminal
Someone has encroached upon a part of my commercial shop by building a wall well beyond their actual boundary line.,Property
I want to claim compensation for damage caused when a delivery vehicle reversed into my shop's entrance.,Civil
How do I approach a court if I believe a government policy is violating the fundamental rights of citizens like me?,Constitutional
"My relative has been detained by the police for over two days, and I want to know how to secure their release.",Constitutional
What documents are required to prove clear ownership of a piece of land that I intend to sell in Delhi?,Property
"I found my old private messages screenshotted and shared in a public group chat, what legal action can I take?",Cyber
"A vendor supplied printed material with errors despite approving the final proof, and now refuses replacement.",Civil
I want to understand whether restricting movement of nomadic communities across state borders without cause violates constitutional freedoms.,Constitutional
"My wife wants to annul our marriage, stating she was pressured into it by her family.",Family
"My landlord wants to sell the piece of land I am renting, and I want to know how this affects my current tenancy rights.",Property
"I noticed duplicate charges on my card for a single purchase of a dinner set, and the merchant is not refunding the extra amount.",Consumer
Someone broke into our dairy shop at night and stole cash along with equipment.,Criminal
My family house was used as collateral for a loan taken by a family member who has now defaulted on the repayment.,Property
I want to modify our child support agreement since my ex-husband's income has increased substantially.,Family
"I purchased a warehouse property, but the mutation of records in my name has still not been completed by the local authorities.",Property
A public authority is restricting access to a river ghat for a specific community during a religious festival.,Constitutional
I want to know if prolonged restriction on public transport in a region without explanation can be constitutionally challenged.,Constitutional
I want to know the eligibility requirements for adopting a child as a single parent.,Family
My relative was locked inside a store room by his employer after being accused of theft.,Criminal
My father was not allowed to leave a meeting room by a group who wanted to force him to sign papers.,Criminal
A man was seen carrying a knife and threatening passersby near the local market late at night.,Criminal
An unknown person logged into my account from a different location and changed my settings.,Cyber
What documents are required to prove clear ownership of a residential plot that I intend to sell in Pune?,Property
"A contractor left electrical work incomplete at our site, forcing us to hire another team urgently.",Civil
My employer has not paid for my medical treatment despite the injury occurring during work hours.,Labour
I want to know if marriage registration is mandatory for couples who married under customary rites.,Family
"My husband and I belong to different religions, and we want to understand the legal process for our marriage.",Family
A person allegedly destroyed documents that could have proven wrongdoing in a fraud case against him.,Criminal
I was stopped by officials from travelling to another state despite having no criminal record or pending legal case.,Constitutional
My in-game purchases were transferred to another account after someone accessed my gaming profile without permission.,Cyber
"My employer claims minimum wage rules do not apply to my role, and I want to verify this.",Labour
I want to know if maternity benefits apply to contract employees as well as permanent staff.,Labour
"My spouse wants to include future inheritance in the alimony calculation, which seems unfair to me.",Family
A builder used inferior quality cement despite the contract specifying particular standards for our house construction.,Civil
I discovered that a government-run institution has been monitoring my personal communications without informing me or obtaining proper authorization.,Constitutional
The platform is not allowing me to cancel my cloud storage subscription despite the terms clearly stating I can cancel anytime.,Consumer
"A salesperson promised free accessories with my motorbike purchase, but the store later refused to give any of those promised items.",Consumer
My relative was assaulted by a group after refusing to pay a bribe demanded for a local permit.,Criminal
My paternal uncle is claiming ownership of our piece of land even though it was registered solely in my father's name.,Property
Someone created duplicate keys to enter our warehouse and steal stock over several weeks.,Criminal
Someone touched my sister inappropriately in a crowded market and ran away before we could catch him.,Criminal
A person created a fake job placement agency website to collect registration fees from unemployed graduates.,Cyber
"My Facebook account was hacked and used to scam my friends for money, what should I do?",Cyber
A child was left unattended and injured due to negligence at a private daycare centre.,Criminal
I want guidance on establishing paternity for my child since my former partner denies being the father.,Family
A person was left with permanent scarring after being attacked with a broken glass bottle.,Criminal
"Despite following up for weeks about my faulty gas stove, the company's helpline keeps giving me a different excuse every single time.",Consumer
"I lent money to a colleague based on a verbal promise, and he now denies the loan ever happened.",Civil
"A contractor's subcontractor failed to complete plumbing work as agreed, delaying our entire renovation project.",Civil
A stranger accessed my private language practice app and shared my recorded conversations without consent.,Cyber
I disagree with the government's valuation of my small plot that was used to calculate the stamp duty for registration.,Property
"I signed a sale agreement for a piece of land, but the seller is now backing out of the deal after receiving my token amount.",Property
My private online calligraphy tutorial recordings were leaked and reused without giving credit.,Cyber
My son was taken into custody by police in plain clothes and we could not verify their identity at the time.,Criminal
A neighbour's child was found locked outside the house for hours as punishment.,Criminal
My electricity connection was disconnected without prior notice despite me having paid all my previous bills on time.,Consumer
I want to understand if my termination was valid since no formal inquiry was conducted beforehand.,Labour
"The bank is threatening to take possession of my commercial shop over a loan default, and I want to know my rights.",Property
"A conflict has arisen between a state policy and a central government directive, and I want to understand which prevails.",Constitutional
A relative suffered internal injuries after being kicked repeatedly by a group of men.,Criminal
My relative wants to challenge a family settlement she believes was signed under pressure from her siblings.,Family
A district authority denied my request to access court proceedings that should be open to the public under normal circumstances.,Constitutional
A local administration is preventing citizens from a certain caste from entering a public temple during festival days.,Constitutional
My business incurred losses because a supplier's delayed shipment caused us to miss an important seasonal deadline.,Civil
My business partner is refusing to honour a written agreement to buy out my share of the company.,Civil
"I have raised the same complaint about my air conditioner multiple times, but customer support keeps closing the ticket without resolving anything.",Consumer
I want to know if grandparents can contest a custody decision that limits their access to grandchildren.,Family
"My office space was mortgaged years ago, and I want to understand the correct process to get the mortgage released now.",Property
"The municipal corporation denied me a government service on the basis of my caste, and I want to challenge this as discriminatory.",Constitutional
"The technician sent for car servicing did a careless job, and now the underlying problem has actually gotten worse than before.",Consumer
Someone set fire to the hay stored in our field after a dispute over irrigation water.,Criminal
I want to know my rights as a gig worker whose account was deactivated without any warning.,Labour
My farmhouse was used as collateral for a loan taken by a family member who has now defaulted on the repayment.,Property
"I purchased a sewing machine from an online marketplace, and it turned out to be a counterfeit copy of the original branded product.",Consumer
I want to know if my company can withhold increments citing financial difficulties without proper communication.,Labour
"My former partner is planning to move abroad with our son, and I want to understand my legal options.",Family
My cousin's business associate is refusing to pay his share of losses incurred during their joint venture.,Civil
Someone forced a child labourer to work long hours without pay at a roadside eatery.,Criminal
A rival businessman falsely accused my uncle of extortion to damage his reputation.,Criminal
A person snatched an elderly woman's handbag while she was waiting for an auto rickshaw.,Criminal
A public authority denied my request to challenge an administrative decision through the appropriate internal appeal process.,Constitutional
"Someone published false statements about my business in a local newspaper, damaging my reputation and sales.",Civil
"Someone attacked my cousin with an iron rod, leaving him with serious head injuries.",Criminal
A contractor demanded advance payment for materials that were never purchased or delivered to our site.,Civil
Someone is threatening to release private recordings from a family video call unless I comply with demands.,Cyber
"My grandfather transferred his piece of land to one grandchild through a gift deed, and other family members are contesting it now.",Property
"My employer refuses to accept my resignation formally, causing delays in my document processing.",Labour
I want to recover dues from a company that delayed payment citing a dispute over delivery timelines.,Civil
I want to secure a right to reside in the matrimonial home while my custody case is being resolved.,Family
"A tenant is subletting my commercial property to another party without my consent, against our agreement.",Civil
A man on a motorcycle tried to snatch my bag but I managed to hold on and he fled.,Criminal
A man was caught trying to steal fuel from parked vehicles in our residential society.,Criminal
My employer is treating my internship as unpaid despite the offer letter mentioning a fixed stipend.,Labour
"A state government office rejected my application without giving any reasons, and I believe this decision was completely arbitrary.",Constitutional
"I purchased a pair of branded sunglasses from an online marketplace, and it turned out to be a counterfeit copy of the original branded product.",Consumer
My company stopped pension contributions midway through my employment without any explanation.,Labour
My business partner has been withdrawing money from our joint account without informing me despite promising not to.,Criminal
What steps should I take if a roadside shop refuses to acknowledge my genuine complaint about a defective inverter battery?,Consumer
My employer refuses to provide a breakdown of deductions made in my final settlement.,Labour
The courier company delivered my pair of branded sunglasses in a badly damaged condition and is denying responsibility for the mishandling.,Consumer
My husband has stopped paying child support since he lost his job six months ago.,Family
Someone tampered with a vehicle's number plate to avoid identification after a hit-and-run incident.,Criminal
My bill for salon membership package included several unexplained charges that were never disclosed to me at the time of signing up.,Consumer
I want to understand if contract workers are entitled to the same leave benefits as permanent employees.,Labour
I want to know my rights regarding a pathway that runs through my small plot which my neighbour uses to access their house.,Property
My brother was falsely implicated in a robbery case by someone with a personal grudge against him.,Criminal
My father-in-law wants to claim maintenance from my husband despite their strained relationship over the years.,Family
Someone gained control of my professional page and is posting content that misrepresents my brand.,Cyber
"The person who sold me an ancestral house turns out to have only partial ownership, and other co-owners were never informed of the sale.",Property
"My pair of running shoes delivery has been delayed by nearly three weeks now, and the tracking page has not updated in days.",Consumer
How can I legally challenge a state government office for violating my fundamental rights while carrying out their official duties?,Constitutional
I want to challenge a government decision denying recognition to a citizens' welfare association without proper reasoning.,Constitutional
"A co-founder is claiming credit for work done collectively, affecting our agreed profit-sharing arrangement.",Civil
I discovered that a village panchayat has been monitoring my personal communications without informing me or obtaining proper authorization.,Constitutional
I discovered that a government hospital has been monitoring my personal communications without informing me or obtaining proper authorization.,Constitutional
A relative was seriously injured after being attacked by a group over a land boundary dispute.,Criminal
I want compensation from a repair shop whose faulty work caused my equipment to break down again.,Civil
My cousin promised to repay money borrowed for his shop but has stopped all communication since.,Civil
"The government suspended internet access in my area for several days, and I want to challenge this as a violation of my rights.",Constitutional
My cousin was attacked with a chain during a confrontation over unpaid rent.,Criminal
"A person made false statements about my professional qualifications, damaging my reputation among clients.",Civil
A person is using my old resume template without permission to promote their own career coaching service.,Cyber
I want to know if agricultural land can be legally converted for residential use in Mumbai without violating any rules.,Property
My company owes me incentive payments that were promised during my joining but never released.,Labour
I want to know if citizens have a constitutional right to access basic government records related to public spending in their area.,Constitutional
My cousin went missing three days ago and we suspect she may have been taken against her will.,Criminal
"Someone is using my old college project without credit and claiming it as their own work online, is this actionable?",Cyber
My grandmother's gold bangles were stolen by someone posing as a domestic helper for a day.,Criminal
My relatives are disputing a family settlement that was made informally without proper legal documentation.,Family
Someone impersonated me in a group chat and made statements that damaged my relationship with colleagues.,Cyber
A person entered a hospital ward without authorization and was found near the medicine cabinet.,Criminal
Someone forcibly took my brother in a car and demanded money before letting him go near the highway.,Criminal
I want to challenge an employment bond that seems disproportionately restrictive compared to my role.,Labour
What can I do if a life insurance policy provider refuses to fix a recurring problem despite my numerous complaints and follow-ups?,Consumer
"My complaint regarding a defective smartwatch was acknowledged by customer care, but no action has actually been taken so far.",Consumer
My employer terminated my contract without paying the outstanding dues mentioned in our agreement.,Labour
A stranger created a fake customer support chat widget on a cloned version of our website.,Cyber
"The showroom promised to replace my motorbike within seven days of purchase, but they keep giving excuses every time I follow up.",Consumer
"Two men on a bike snatched my chain while I was walking home from the market, how do I file a complaint?",Criminal
"My geyser delivery has been delayed by nearly three weeks now, and the tracking page has not updated in days.",Consumer
My company did not pay my full salary during my maternity leave period.,Labour
Students in my class are constantly sending mean messages about me in a group chat and I feel targeted.,Cyber
The platform is not allowing me to cancel my matrimonial site subscription despite the terms clearly stating I can cancel anytime.,Consumer
"A person defamed me during a public meeting, making false claims about my professional conduct.",Civil
"My in-laws have been emotionally abusive toward me since my wedding, and I want to understand my rights.",Family
"The company's advertisement showed a much larger size for the inverter battery, but the delivered product was noticeably smaller than shown.",Consumer
My spouse wants sole rights over property that was gifted to us jointly by both families.,Family
"Someone is using my old photos to make a fake matrimonial profile without my consent, what should I do?",Cyber
The apartment association is restricting my access to common areas even though I am a legitimate flat owner in the building.,Property
Someone was caught trying to break into a school storeroom late at night.,Criminal
"I want to recover money lent to a relative for his son's education, which he has not repaid.",Civil
My relative's daughter received repeated obscene calls from an unknown number over several weeks.,Criminal
My delivery app has been delaying incentive payments that were promised for completing daily targets.,Labour
"My mother-in-law wants to be involved in every decision regarding our marriage, and it is causing constant friction.",Family
My employer denied bereavement leave following the loss of a close family member.,Labour
A relative was allegedly abused verbally and physically by constables during a routine check.,Criminal
"I bought a village land years ago, but now a stranger has shown up claiming they are the actual owner of the land.",Property
A counterfeit currency note was found among the cash we received from a customer at our shop.,Criminal
"Someone created an account using my child's school photo without our permission, how do we report it?",Cyber
My grandfather used a power of attorney to sell our family's vacant plot without informing the rest of the family members.,Property
"My inverter battery is still within the warranty period, but the service centre is asking me to pay for a repair that should be free.",Consumer
A group of men entered our compound and threatened the watchman before attempting a robbery.,Criminal
Someone tried to strangle a shop assistant during a robbery attempt late at night.,Criminal
I want to understand my rights as a daughter in claiming a share of my father's estate.,Family
A person hired to install machinery caused damage during setup and refuses to bear the repair costs.,Civil
"Fumes from a nearby workshop have been causing discomfort to my family, and the owner refuses to address it.",Civil
Someone accessed my private budgeting spreadsheet stored online and altered the figures without permission.,Cyber
Someone used forged signatures to transfer my family house into their name without my knowledge or consent.,Property
The billboard advertisement for a study table sale mentioned a price that was very different from what I was actually charged in-store.,Consumer
"My relative was falsely accused publicly of financial mismanagement, damaging his standing in the community.",Civil
"The person who sold me a piece of land turns out to have only partial ownership, and other co-owners were never informed of the sale.",Property
"My computer files got locked and a message is demanding payment to unlock them, what are my options?",Cyber
My office space was used as collateral for a loan taken by a family member who has now defaulted on the repayment.,Property
I want to recover money owed to me by a client who has stopped responding after receiving my services.,Civil
"I paid for an annual co-working space membership but the facility shut down within a few months, and they are refusing to refund the remaining amount.",Consumer
How can I legally challenge a government college for violating my fundamental rights while carrying out their official duties?,Constitutional
"Two people are claiming ownership of the same family house in Kochi, and I am not sure whose claim is valid.",Property
My employer ignores safety complaints raised by workers regarding faulty machinery on the shop floor.,Labour
I recently discovered that the title documents for my warehouse property may have been forged by a previous owner.,Property
I want to enforce a written agreement where a friend promised to repay a business loan in installments.,Civil
"A person is threatening to expose my sexual orientation online unless I do what they say, what should I do?",Cyber
Someone broke into a locked cupboard at our office and stole important original documents.,Criminal
How can I verify that an ancestral house I am planning to buy is free from any pending legal disputes?,Property
I want to understand my rights if my employer suddenly asks remote employees to relocate.,Labour
A public sector employer is preventing me from practicing my trade in a public market without giving any valid legal reason.,Constitutional
A supplier failed to deliver goods as per our written agreement even after receiving full advance payment.,Civil
My original song was uploaded to a streaming platform under someone else's name without my consent.,Cyber
I want to know whether a gift deed for a commercial shop can be legally cancelled once it has already been registered.,Property
My cousin is disputing my right to inherit property left by our common grandfather.,Family
Someone keeps following my mother to the market and standing nearby without saying anything.,Criminal
Someone stole farm equipment from our field shed while we were away for a family function.,Criminal
I want to understand if my company can pass over me for growth opportunities without valid reasons.,Labour
I received repeated threatening messages from an unknown account after posting a review online.,Cyber
My grandfather used a power of attorney to sell our family's duplex house without informing the rest of the family members.,Property
"I want a replacement for my faulty refrigerator, but an online marketplace seller keeps sending a technician instead of giving me a new unit as promised.",Consumer
I entered into a written agreement with a graphic designer who never delivered the promised branding materials.,Civil
I want to know if the state can restrict citizens from accessing a public ground reserved traditionally for community sports.,Constitutional
"My son was cyberbullied on a gaming platform, can we file a complaint?",Cyber
My relative's young son was beaten badly by a tuition teacher for not completing homework.,Criminal
"I was sold a pair of wireless earphones under the false claim that it was imported, but later I found out it was locally manufactured.",Consumer
My relative's business partner is refusing to return capital invested despite the partnership being formally dissolved.,Civil
I want to compel the municipal corporation to perform a legal duty that they have been refusing to carry out for months.,Constitutional
My employer asked me to sign an employment bond requiring me to work for three years or pay a penalty.,Labour
My husband's family continues to demand money from my parents even after two years of marriage.,Family
Someone organized a group to intimidate voters into supporting a particular candidate during elections.,Criminal
A stranger has been sending my sister threatening messages demanding she stop attending college.,Criminal
I want to know if I can stop unauthorized construction happening right on the boundary of my duplex house.,Property
A man attacked a delivery agent with a wooden stick after a dispute over a damaged package.,Criminal
I want to recover money paid in advance for office furniture that was never delivered.,Civil
Someone was found with a large quantity of stolen cables at his residence during a police check.,Criminal
A stranger posing as a company representative contacted our clients to collect confidential business information.,Cyber
Can I challenge a government action that appears to have been taken without any proper legal authority behind it?,Constitutional
Someone posted a public comment threatening violence against me because of a business dispute online.,Cyber
My spouse wants to claim rights over a flat that was gifted to me individually by my parents.,Family
"I received threatening messages after leaving a bad review for an online seller, is this legal?",Cyber
"My husband and I have mutually agreed to end our marriage, and we want to know the process for a mutual consent divorce.",Family
My neighbour's overflowing sewage line has been damaging my property for several weeks now.,Civil
"A person spread false rumours about my professional conduct, and I want to seek damages for reputation harm.",Civil
"The company's advertisement showed a much larger size for the new car, but the delivered product was noticeably smaller than shown.",Consumer
A vendor failed to honour the discount terms mentioned in our signed procurement agreement.,Civil
My office space was demolished by local authorities citing an old land dispute that I was never properly informed about.,Property
My neighbour's cattle shed emits a strong smell that has made it uncomfortable to stay in our house.,Civil
I want to understand whether a government ban on a book can be legally challenged as an unreasonable restriction on expression.,Constitutional
My private recorded webinar was leaked and is being sold on an unauthorized reselling website.,Cyber
I want to understand the legal requirements for remarrying after being widowed.,Family
"My online banking password was reset without my permission, how do I report this?",Cyber
I want to know the correct process for registering an apartment flat that I recently purchased in Hyderabad.,Property
The courier company delivered my ceiling fan in a badly damaged condition and is denying responsibility for the mishandling.,Consumer
A wholesaler is refusing to honour a fixed pricing agreement signed for our annual bulk purchase.,Civil
My wife is demanding an unreasonably high amount of maintenance that I cannot afford.,Family
A co-owner of our shop is refusing to split maintenance costs as agreed when we started the business.,Civil
My relative's newly built compound wall was broken down overnight by unknown persons.,Criminal
A cloned version of our university's admission portal is collecting personal details from applicants.,Cyber
"A government hospital denied me a government service on the basis of my caste, and I want to challenge this as discriminatory.",Constitutional
My uncle is claiming ownership of our housing plot even though it was registered solely in my father's name.,Property
"Someone posted a public message threatening to harm me because of an online argument, is this punishable?",Cyber
My verified social media account was hijacked and is now being used to promote unknown products.,Cyber
A group of unknown accounts have been sending repeated threats after I reported their content online.,Cyber
"My digital signature was misused to authorize a fraudulent document, what legal action should I take?",Cyber
"A state policy is restricting our minority community from establishing our own educational institution, and I want to challenge this.",Constitutional
I want to know if children from an annulled marriage are still considered legitimate under family law.,Family
My cousin borrowed money to start a small business and has been avoiding repayment for over a year.,Civil
My relative's motorbike was stolen from outside a shopping complex despite being locked.,Criminal
A contractor is demanding payment for extra work that was never approved or agreed upon in writing.,Civil
My grandfather is claiming ownership of our village land even though it was registered solely in my father's name.,Property
"A salesperson promised free accessories with my pair of running shoes purchase, but the store later refused to give any of those promised items.",Consumer
I want compensation from a person whose careless driving damaged the boundary fence of my property.,Civil
"A person published a false review about my restaurant online, causing a significant drop in customers.",Civil
"My personal information was used to create a fake loan app profile, how do I proceed legally?",Cyber
My bill for matrimonial site subscription included several unexplained charges that were never disclosed to me at the time of signing up.,Consumer
I want to know if part-time employees are entitled to receive the same bonus as full-time staff.,Labour
My son was falsely accused of vandalism by a neighbour who has a longstanding grudge against our family.,Criminal
I want to know if international custody disputes are handled differently than domestic ones.,Family
My cousin received a threatening letter warning him to withdraw from a local election contest.,Criminal
"My son, who is a minor, was pressured into helping older boys steal a motorcycle.",Criminal
My spouse's family disapproves of my career choices and constantly pressures me to quit working.,Family
"The technician sent for inverter installation service did a careless job, and now the underlying problem has actually gotten worse than before.",Consumer
Someone broke into an ATM cabin and tried to steal the cash box using tools.,Criminal
My relative was chased and beaten by a mob after being wrongly suspected of a crime.,Criminal
I want to know my rights regarding a pathway that runs through my village land which my neighbour uses to access their house.,Property
I want compensation from an architect whose flawed design caused structural issues in our building.,Civil
A new government regulation is stopping me from continuing my profession without offering any reasonable justification for the restriction.,Constitutional
A vendor is refusing to correct a billing error despite clear evidence in our signed purchase order.,Civil
A former tenant is threatening to post fabricated private content about me online after a rental dispute.,Cyber
We suspect the accused destroyed a weapon used in an assault before police could recover it.,Criminal
My neighbour's overflowing septic tank has been causing damage to our shared boundary wall.,Civil
"My personal chat messages were used against me in a fake extortion attempt, what can I do?",Cyber
An online group compiled and shared my private information as part of an organized harassment campaign.,Cyber
My employer terminated me the day after I asked about my pending salary payments.,Labour
"A government-run shelter denied entry to a person based purely on their religious identity, and I want to question this.",Constitutional
I want to question the legal authority of a person who has been appointed to hold a public office in Mumbai.,Constitutional
"I received a phishing email pretending to be from my bank asking for login details, is this a crime?",Cyber
I want to know if I can challenge my inclusion in a layoff list that seems arbitrary.,Labour
"My wife wants sole custody of our son, claiming I am unfit to be a parent.",Family
"I own a duplex house, but local occupants have taken over the land and are refusing to vacate despite my repeated requests.",Property
"After using my new car for just two days, it completely stopped functioning, and the store is blaming me for mishandling it.",Consumer
A local body denied permission for citizens to hold a public reading of a banned literary work.,Constitutional
I want to question the legal authority of a person who has been appointed to hold a public office in Indore.,Constitutional
"Despite paying full charges for airline ticket booking, I have been receiving highly unsatisfactory and inconsistent service for weeks now.",Consumer
My employer is asking me to forfeit my accumulated leaves before the end of the financial year.,Labour
"A family member is claiming that our late father verbally promised him a warehouse property, though nothing was ever put in writing.",Property
My professional reputation was harmed after someone made unverified public accusations about my work ethics.,Civil
My daughter-in-law is preventing us from seeing our grandchildren after our son's untimely passing.,Family
I want a court to direct a supplier to deliver goods as specifically agreed in our signed purchase contract.,Civil
"My e-commerce store was targeted by fake negative reviews from a competitor, can I take legal action?",Cyber
A person occupying our storage unit refuses to leave even though the informal arrangement ended months ago.,Civil
"My tablet developed a fault under guarantee, but the seller is insisting I pay labour charges which were supposed to be covered.",Consumer
A government office in Pune is treating me differently from other applicants purely because of my community background.,Constitutional
A government authority is preventing citizens from a certain profession from accessing a public welfare scheme without justification.,Constitutional
My former business associate is not returning equipment that belongs to our partnership firm.,Civil
I want to challenge a rule barring citizens who follow a certain faith from applying for a specific government post.,Constitutional
A local police unit is conducting frequent identity checks targeting a specific community in our neighbourhood without clear justification.,Constitutional
My relative suffered a fractured arm after being pushed and beaten by a group during a protest.,Criminal
My relative hired a surveyor whose incorrect measurements caused a boundary dispute with a neighbour.,Civil
"Someone shared screenshots of a private group chat that led to public embarrassment, is this actionable?",Cyber
A person mixed something harmful into the water tank of our building after a dispute with residents.,Criminal
"I lent money to a neighbour for his shop's stock purchase, and he has stopped responding to reminders.",Civil
I want to know if I can seek restitution of conjugal rights while also considering separation.,Family
A person is threatening to release private chat screenshots of me unless I meet their demands.,Cyber
What can I do if my co-owner is trying to sell a jointly owned warehouse property without informing me at all?,Property
"A person has been repeatedly calling and threatening my mother late at night, causing severe distress.",Criminal
"The company's advertisement showed a much larger size for the bicycle, but the delivered product was noticeably smaller than shown.",Consumer
"My ex-husband wants to relocate for work, and we need to renegotiate our children's custody arrangement.",Family
A construction firm charged extra for labour that was already included in our original signed estimate.,Civil
"My uncle passed away, and we are unsure how to divide his property among his nephews and nieces.",Family
"My neighbour's construction work has caused cracks in my house wall, and he refuses to take responsibility.",Civil
I discovered that the district collector's office has been monitoring my personal communications without informing me or obtaining proper authorization.,Constitutional
My relative's newly installed borewell motor was deliberately damaged by an unknown person.,Criminal
"My online seller account was suspended after a hacker changed my details, what legal help do I need?",Cyber
"I have written several emails about my unresolved food delivery service issue, but the company never responds with any concrete solution.",Consumer
"I have been complaining about poor OTT streaming subscription for months now, but the provider keeps assuring improvement without any real action.",Consumer
"The local administration denied me a government service on the basis of my caste, and I want to challenge this as discriminatory.",Constitutional
My grandfather used a power of attorney to sell our family's independent house without informing the rest of the family members.,Property
"A hacker is threatening to leak our customer database unless we pay a ransom, how should we respond legally?",Cyber
"I was arrested without being informed of the reasons for my detention, and I want to understand my constitutional protections.",Constitutional
My relatives are disputing the division of ancestral property left behind by our grandparents.,Family
My wife wants to include a clause about future property claims in our mutual divorce agreement.,Family
"A government college rejected my application without giving any reasons, and I believe this decision was completely arbitrary.",Constitutional
My social media account shows login activity from a device I have never used.,Cyber
Someone circulated a message in our trade association falsely accusing me of unethical business dealings.,Civil
My employer is asking me to pay for a laptop that was already returned during my exit process.,Labour
My spouse wants an equal share of retirement savings accumulated during our marriage.,Family
A person's overflowing water tank caused damage to electrical fittings in my ground floor shop.,Civil
A stranger has taken illegal possession of my vacant plot while I was living abroad for several years.,Property
A shopkeeper agreed to a fixed monthly rent but is now demanding an increase mid-contract without justification.,Civil
"Someone changed the recovery details on my email account, and I can no longer log in.",Cyber
"The person who sold me a small plot turns out to have only partial ownership, and other co-owners were never informed of the sale.",Property
My father was assaulted by loan recovery agents who came to our house demanding payment.,Criminal
A government authority is requiring citizens to sign a consent form waiving their right to legal recourse before receiving aid.,Constitutional
I want to claim compensation for losses caused when a supplier delayed delivery beyond the agreed contract date.,Civil
"The state transport authority denied me a government service on the basis of my caste, and I want to challenge this as discriminatory.",Constitutional
My neighbour's falling debris during renovation damaged solar panels installed on my rooftop.,Civil
A neighbour's newly built shed is causing rainwater to flow directly into my courtyard during monsoon.,Civil
"My neighbour's construction workers store materials on the common pathway, blocking access for our family.",Civil
"My spouse and I agreed on divorce terms verbally, but I want everything documented properly before filing.",Family
My daughter wants to know how child custody is decided when both parents live in different cities.,Family
I want to understand the rights of adopted children in claiming inheritance from their adoptive parents.,Family
I want to claim overtime wages for the extra hours I worked during the last few months.,Labour
I want to know if adopted children have equal rights compared to biological children within the same family.,Family
I want to know whether a gift deed for an urban plot can be legally cancelled once it has already been registered.,Property
I want to question the legal authority of a person who has been appointed to hold a public office in Ranchi.,Constitutional
I want to claim my pending stipend from a company after completing my internship successfully.,Labour
"The repair technician kept my inverter battery for weeks and returned it still faulty, yet charged me the full repair amount anyway.",Consumer
"The passport office is failing to fulfil a basic constitutional duty owed to citizens in my area, and I want to act on this.",Constitutional
"The company providing my salon membership package has been extremely negligent, causing repeated inconvenience without offering any compensation.",Consumer
A public university is preventing me from practicing my trade in a public market without giving any valid legal reason.,Constitutional
"My caste certificate application was rejected by the local authority without any proper explanation, and I believe this affects my constitutional rights.",Constitutional
I want to address concerns about my husband's excessive involvement in his parents' financial decisions.,Family
We are an interfaith couple hoping to adopt and want to know if this affects the process.,Family
"A state government office is failing to fulfil a basic constitutional duty owed to citizens in my area, and I want to act on this.",Constitutional
"I was tricked into scanning a QR code that debited money from my account, how do I report this?",Cyber
My employer reduced my designation during an internal restructuring without any prior consultation.,Labour
I want to report unsafe working conditions that have caused multiple minor accidents recently.,Labour
"I received a wall clock that makes strange noises since day one, and the company keeps delaying the technician visit for weeks now.",Consumer
Someone hijacked my professional portfolio website and replaced my work samples with unrelated content.,Cyber
We are an interfaith couple seeking a mutual consent divorce and want to know the applicable procedure.,Family
"An advertisement claimed my ceiling fan had a special feature, but after buying it I discovered that claim was completely false.",Consumer
"My cousin wants to understand her inheritance rights since she was raised by her grandparents, not her parents.",Family
Is it possible to claim a refund for a new car purchased in Kolkata that stopped working just days after delivery?,Consumer
What are my constitutional options if a government authority in Chandigarh continues to ignore my legitimate grievance?,Constitutional
"Two people are claiming ownership of the same office space in Pune, and I am not sure whose claim is valid.",Property
Someone removed bloodstained clothes from the scene of an assault before police could collect them as evidence.,Criminal
I want to claim damages from a company whose defective packaging caused spoilage of our stored goods.,Civil
I want to know how to obtain my relieving letter from a company that has stopped responding.,Labour
"The utility company installed a faulty meter at my home, resulting in inflated bills that they refuse to reassess properly.",Consumer
"I submitted my resignation, but my manager keeps delaying the acceptance process.",Labour
"A builder used cheaper materials than specified in our written construction agreement, affecting the building's quality.",Civil
"My smart TV delivery has been delayed by nearly three weeks now, and the tracking page has not updated in days.",Consumer
A person created a fake insurance claim portal using our company's branding to collect policyholder details.,Cyber
How can I verify that a row house I am planning to buy is free from any pending legal disputes?,Property
"I lost money in a fake work-from-home scheme advertised online, how do I report this?",Cyber
My company denies reimbursement for work-related travel expenses despite clear company policy allowing it.,Labour
"My matrimonial site subscription auto-renewed without my consent, and the company charged my card despite me never approving the renewal.",Consumer
"A salesperson promised free accessories with my new car purchase, but the store later refused to give any of those promised items.",Consumer
A neighbour's fallen tree branch damaged the roof of our storage shed during a storm.,Civil
A man has been calling my mother repeatedly and using abusive language whenever she answers.,Criminal
I want to know if impotency can be cited as a ground for seeking annulment of marriage.,Family
"I suspect the documents shown to me by the seller of an ancestral house are not genuine, and I need to verify their authenticity.",Property
We visited the police station three times but our FIR has still not been registered.,Criminal
"My husband is questioning the legitimacy of our child, causing significant strain in our marriage.",Family
A tailor took an advance for stitching wedding outfits but delivered them incomplete and of poor quality.,Civil
My landlord is refusing to return my security deposit even though I vacated the premises months ago.,Civil
"My landlord entered my rented vacant plot without any prior notice while I was away, and I want to know my rights.",Property
Someone created a fake customer complaint portal to collect personal information from dissatisfied users.,Cyber
I want to claim compensation from a neighbour whose fence collapsed and damaged my parked motorcycle.,Civil
My private conversation with a therapist was leaked after her online practice management tool was compromised.,Cyber
My employer paid partial gratuity and refuses to clear the remaining balance despite reminders.,Labour
A local authority demolished a place of religious worship without following any legal process or giving proper notice.,Constitutional
My father was slapped and abused by policemen during questioning at the local station.,Criminal
I want to understand the rights of a spouse in an interfaith marriage regarding maintenance and property.,Family
My relative wants to formally adopt her sister's child after the biological parents passed away.,Family
My employer denies weekly offs during peak business periods without offering any compensation.,Labour
What steps should I take if a builder refuses to hand over the ownership documents of my flat despite full payment?,Property
"The local police rejected my application without giving any reasons, and I believe this decision was completely arbitrary.",Constitutional
I disagree with the government's valuation of my apartment flat that was used to calculate the stamp duty for registration.,Property
A local body is denying representation to a minority group in a public consultation process without proper justification.,Constitutional
"Someone created a fake YouTube channel using my content without permission, how do I complain?",Cyber
My tenant has stopped paying rent and is now refusing to vacate my village land despite the lease period having ended.,Property
I want to bring a legal challenge asking a public authority to finally act on a duty it has been ignoring.,Constitutional
I want to understand what restitution of conjugal rights means and when it can be sought.,Family
"Someone is impersonating me on LinkedIn to scam my professional contacts, how do I stop this?",Cyber
I want to challenge a decision denying a citizen the right to contest an election due to an unclear residency requirement.,Constitutional
My relatives want to understand how joint ownership of ancestral property is divided among multiple heirs.,Family
The dealer added processing charges to my new car bill that were never mentioned before I agreed to make the purchase.,Consumer
I want to claim compensation for a break in service that caused financial losses to my online business.,Civil
My relatives are disputing inheritance shares since one sibling took care of our parents until their passing.,Family
I want to recover a generator that was lent to a shopkeeper during a festival and never returned.,Civil
"My private research data was accessed and published by someone else without credit, what legal recourse exists?",Cyber
I want to seek additional child support to cover my daughter's increasing medical expenses.,Family
My private online gardening workshop recordings were leaked and circulated without permission.,Cyber
My relative promised in writing to gift a certain amount for my education but never fulfilled the promise.,Civil
"I bought a pair of wireless earphones that stopped working within a week, and a branded outlet is refusing to repair or replace it. What can I do?",Consumer
I want to know how succession works when a family member dies leaving both a spouse and children.,Family
A local council passed a resolution restricting a minority group's access to a public burial ground without valid justification.,Constitutional
A person created a fake talent scouting page using my photos to lure aspiring models.,Cyber
I want to understand if employees can refuse to work on their designated weekly off day.,Labour
"I purchased a dinner set from an online marketplace, and it turned out to be a counterfeit copy of the original branded product.",Consumer
"My workplace lacks proper signage for hazardous zones, increasing the risk of accidents.",Labour
"The company agreed to replace my damaged gas stove, but it has been over a month and I have not received the replacement yet.",Consumer
A group of boys have been repeatedly bullying and physically hurting a younger student in our locality.,Criminal
What are my constitutional options if a government authority in Ludhiana continues to ignore my legitimate grievance?,Constitutional
I want a legal separation from my husband while we sort out custody arrangements for our children.,Family
"I was lured by a big discount advertisement for a second-hand car, but at checkout the seller charged me the full original price instead.",Consumer
A consultant hired for market research failed to deliver the promised report within the agreed timeline.,Civil
My employer is refusing to pay my gratuity despite my having worked there for over five years.,Labour
I want to understand if salary structure changes require employee consent before implementation.,Labour
"Two people are claiming ownership of the same row house in Kolkata, and I am not sure whose claim is valid.",Property
"The local authorities have issued a demolition notice for my village land, and I want to challenge it legally.",Property
"My employer terminated my role citing redundancy, but a similar position was advertised shortly after.",Labour
A wholesaler refuses to pay the balance amount for goods delivered on agreed credit terms.,Civil
The company is refusing to honour the warranty on my camera saying I did not register it online within a specific time.,Consumer
"I paid in advance for an electric scooter that was never delivered, and now the seller is not responding to my refund requests at all.",Consumer
A stranger created a fake customer support number using our airline's name to collect booking details.,Cyber
A partner in our firm withdrew a substantial amount without informing the other partners as required.,Civil
My private handwriting samples were used without consent to create a forged signature online.,Cyber
"I was lured by a big discount advertisement for a chimney, but at checkout the seller charged me the full original price instead.",Consumer
"My child's online gaming chat shows messages from someone asking personal questions repeatedly, what should we do?",Cyber
Someone lodged a false complaint against my husband to prevent him from testifying in another case.,Criminal
"My son's parents passed away, and as grandparents, we want to seek custody to raise him ourselves.",Family
"A courier service damaged an important shipment of documents, and they are refusing to accept liability for the loss.",Civil
I want to challenge a government order that appears to have been passed without following any fair or transparent process.,Constitutional
"Someone is using bots to spam my business page with fake orders, is this a cybercrime?",Cyber
"Someone broke into my house last night and stole jewellery and cash from my almirah, what should I do first?",Criminal
"I received a fake lottery winning email asking for processing fees, is this illegal?",Cyber
How can I verify that an office space I am planning to buy is free from any pending legal disputes?,Property
A person who took a loan from me on a written promissory note is now avoiding repayment entirely.,Civil
Is there a way to get compensation for the mental harassment caused by a faulty kids' toy that the seller refuses to fix?,Consumer
A stranger created a fake customer support helpline using our gas company's name to extract personal details.,Cyber
A government office in Ranchi is treating me differently from other applicants purely because of my community background.,Constitutional
"A government authority denied entry to a public exhibition based on a visitor's religious attire, and I want to question this.",Constitutional
I want to know my options after being sold a mobile phone that turned out to be completely different from what was advertised.,Consumer
My relative wants to secure visitation rights with her grandchildren despite ongoing tension with their parents.,Family
My internship was terminated early without any explanation from the organization.,Labour
My tenant has stopped paying rent and is now refusing to vacate my piece of land despite the lease period having ended.,Property
I want to evict a tenant from my duplex house who has not paid rent for several months despite repeated reminders.,Property
"I noticed duplicate charges on my card for a single purchase of a mixer grinder, and the merchant is not refunding the extra amount.",Consumer
I signed an agreement to buy machinery but the seller is now refusing to hand it over despite payment.,Civil
"My employer denied my bonus, claiming my performance review was unsatisfactory, though I disagree.",Labour
I want to understand my rights over property that was acquired during our marriage using joint income.,Family
"Details about my personal life, including my address, were posted publicly by someone I do not know.",Cyber
"I bought a second-hand car through a dealership that assured me it had no accident history, which later turned out to be false.",Consumer
I want to claim compensation for earned leaves that were never encashed after I left the company.,Labour
The company is refusing to honour the warranty on my electric scooter saying I did not register it online within a specific time.,Consumer
"I entered into an agreement with a videographer for a corporate shoot, but the final product was never delivered.",Civil
My company reduced benefits for laid-off employees compared to what was initially communicated.,Labour
A person created a fake customer support ticket system using our company's branding to phish for details.,Cyber
"My order for a vacuum cleaner was marked as delivered by the courier, but I never actually received the package at my address.",Consumer
A local authority is preventing our community from holding a religious procession that we have held peacefully for many years.,Constitutional
A local council denied a minority group's request to hold prayers in a public space during a designated period.,Constitutional
A state-run school is preventing me from practicing my trade in a public market without giving any valid legal reason.,Constitutional
I want to file a complaint since my employer has been paying below minimum wage for years.,Labour
My nephew sold the entire ancestral ancestral house without informing or including the other legal heirs at all.,Property
"The company providing my banking locker service has been extremely negligent, causing repeated inconvenience without offering any compensation.",Consumer
I want to understand if my employer can penalize employees for participating in union activities.,Labour
My employer refused to extend maternity leave despite my medical complications during pregnancy.,Labour
Someone is threatening to tell my family about a private matter unless I transfer money to them.,Cyber
I want to challenge an order restricting access to a public well for a specific group of citizens.,Constitutional
My former landlord is refusing to return advance rent despite me vacating before the lease period ended.,Civil
The registrar's office is delaying the registration of my residential bungalow without giving me any clear reason for the delay.,Property
I believe a public sector employer is discriminating against me on the basis of my gender while processing my application.,Constitutional
The rental agreement for my row house has an unusual clause that I am worried may not be legally enforceable.,Property
"Our minority-run institution was denied government recognition despite meeting every requirement, and I suspect this is discriminatory.",Constitutional
"My mobile number was ported without my knowledge, and my banking apps started showing unfamiliar activity.",Cyber
I want to challenge a government notice that seems to unfairly target a particular linguistic community within the state.,Constitutional
My private voice notes from a support group were leaked into an unrelated public channel.,Cyber
My colleague is spreading false rumours and threatening to physically harm me if I report our manager.,Criminal
"A group beat up a young boy accusing him of theft without any evidence, causing serious injuries.",Criminal
"I returned a defective gaming console for a refund weeks ago, but the amount has still not been credited back to my account.",Consumer
I want to know if my husband's business assets are considered part of our marital property.,Family
"A supplier delivered fewer goods than the agreed quantity, causing a shortfall in our business operations.",Civil
"My wife and I have been arguing about relocating for work, and it is affecting our relationship.",Family
Sensitive employee information from our HR system was found circulating outside the organization.,Cyber
"Someone created a deepfake video of me and shared it online, is this a punishable offense?",Cyber
A district authority is preventing farmers from holding a peaceful demonstration regarding an agricultural policy without valid reason.,Constitutional
A relative borrowed money for agricultural expenses and has delayed repayment well beyond the promised date.,Civil
A fake website using our logo and design is asking users to enter personal information for a fake offer.,Cyber
My platform terminated my access without notice after years of consistent work on their app.,Labour
"A government school is preventing students from observing their religious practices during school hours, and I want to know our rights.",Constitutional
My colleague borrowed a sum of money for his father's treatment and has ignored every request for repayment since.,Civil
How can I legally challenge a government department for violating my fundamental rights while carrying out their official duties?,Constitutional
My relative received counterfeit currency while selling produce at the local mandi.,Criminal
I want to understand the process for claiming unpaid incentives from my previous employer.,Labour
"My wife left our home suddenly, and I want to know if I can seek restitution of conjugal rights.",Family
A person accessed my private notes app through cloud sync and read confidential entries.,Cyber
A relative reported that a co-passenger on a train tried to inappropriately touch her during the journey.,Criminal
A local body denied permission for citizens to organize a peaceful vigil outside a court premises without valid grounds.,Constitutional
"My neighbour has blocked the only access road leading to my residential plot, leaving me with no way to reach my own land.",Property
"I received a fraudulent email asking to verify my account or it will be suspended, is this phishing?",Cyber
My commercial shop was demolished by local authorities citing an old land dispute that I was never properly informed about.,Property
I want to know how to claim unpaid wages from a company that has shut down suddenly.,Labour
"My employer terminated a colleague for whistleblowing about unsafe practices, and I fear similar treatment.",Labour
Someone used my father's identity documents to forge a rental agreement without his knowledge.,Criminal
My employer is treating me unfairly because I raised concerns about workplace policies earlier.,Labour
My business partner is refusing to sign documents needed to formally close our partnership firm.,Civil
"After using my tablet for just two days, it completely stopped functioning, and the store is blaming me for mishandling it.",Consumer
I want to know if the state can restrict citizens from displaying a particular flag during a public gathering.,Constitutional
A person allegedly changed the locks and removed evidence from a crime scene before police arrived.,Criminal
I want to know if my employer can change my work location without my consent as per my contract.,Labour
A man entered our field without permission and has been harvesting crops that belong to us.,Criminal
I want to know if I can prevent my ex-spouse from moving our children far away without my consent.,Family
I want to know how to prevent my husband from taking our children abroad without my consent.,Family
My spouse refuses to pay maintenance despite a court order requiring monthly payments.,Family
My relative wants to formally adopt her stepchild to solidify their legal parent-child relationship.,Family
"I paid for cloud storage subscription, but the quality of service has been extremely poor and far below what was promised at the time of signing up.",Consumer
My aunt wants legal guardianship of her nephew after his parents were declared unfit to care for him.,Family
I want to challenge a rule preventing citizens from a certain profession from contesting local body elections.,Constitutional
I want to hold a public authority accountable for consistently failing to perform duties required of it under the constitution.,Constitutional
"I bought an electric scooter that stopped working within a week, and an online shopping site is refusing to repair or replace it. What can I do?",Consumer
My relative's shop was burgled twice within a month despite installing new locks.,Criminal
I want to compel the district collector's office to perform a legal duty that they have been refusing to carry out for months.,Constitutional
A neighbour has been threatening to falsely implicate my son in a criminal case out of spite.,Criminal
A man exposed himself in front of children playing in a public park.,Criminal
I want to challenge an executive order that appears to encroach upon powers that should belong to the legislature.,Constitutional
A company failed to honour the terms of our service agreement despite repeated reminders and notices.,Civil
I want to know if my sister has equal rights to our father's business despite not being involved in running it.,Family
My relative's business signage was defaced with paint after a dispute with a rival shop owner.,Criminal
My relative fell seriously ill after drinking water from a tank that may have been tampered with.,Criminal
I want to question the legal authority of a person who has been appointed to hold a public office in Chennai.,Constitutional
Is it possible to claim a refund for a wristwatch purchased in Kolkata that stopped working just days after delivery?,Consumer
One of the co-owners of our jointly owned farmhouse wants to sell his share without consulting the rest of us.,Property
"Someone logged into my email account without my permission and read my personal messages, is this a crime?",Cyber
"Smoke from my neighbour's factory unit constantly drifts into our courtyard, making it difficult to sit outside.",Civil
I want to recover money that a friend borrowed for his daughter's education and never repaid.,Civil
The registrar's office is delaying the registration of my agricultural land without giving me any clear reason for the delay.,Property
I was charged a penalty fee by my bank for a transaction failure that was actually caused by a technical fault on their end.,Consumer
"Someone is using AI to generate fake images of me for harassment, is this covered under cyber law?",Cyber
Someone used forged signatures to transfer my agricultural land into their name without my knowledge or consent.,Property
My bill for co-working space membership included several unexplained charges that were never disclosed to me at the time of signing up.,Consumer
"The dinner set I purchased has a manufacturing defect, but the brand's customer care keeps closing my complaint ticket without resolving it.",Consumer
"I have been asking for my salary slips for the past year, but HR keeps ignoring my requests.",Labour
A person created a professional-looking account claiming to represent our organization to mislead vendors.,Cyber
Someone I matched with on a dating app has started messaging me obsessively even after I stopped responding.,Cyber
A person who agreed to help set up machinery under a service contract has failed to appear despite reminders.,Civil
A contractor charged more than the agreed amount and is refusing to explain the additional charges.,Civil
A vendor is refusing to settle an outstanding balance despite acknowledging the debt in writing earlier.,Civil
I want to understand my rights regarding mandatory rest days under standard employment practices.,Labour
I want compensation from a company whose negligence during installation damaged expensive machinery at our factory.,Civil
The e-commerce site delivered an empty box instead of the pressure cooker I had ordered and paid for in full online.,Consumer
My in-laws are refusing to return jewellery that was given to them for safekeeping after the wedding.,Family
Someone created a fake alumni association page using our college's name to collect membership fees.,Cyber
There is a dispute over who is the rightful owner of a village land that has been in our family for three generations.,Property
My cousin was cornered by a group of men who tried to forcibly take her somewhere against her will.,Criminal
I want to know if fraud during marriage negotiations can be grounds for annulment.,Family
A person impersonated a government official to collect money from villagers for a fake scheme.,Criminal
Someone used a fake medical certificate to claim insurance money fraudulently.,Criminal
My tenant has sublet my commercial shop to another person without asking for my permission as the owner.,Property
"My debit card was cloned and money was withdrawn without my knowledge, how do I report this?",Cyber
"A salesperson promised free accessories with my inverter battery purchase, but the store later refused to give any of those promised items.",Consumer
I want to know whether the state can restrict citizens from organizing a public discussion on judicial appointments.,Constitutional
I want to know if I can carry forward unused leave to the next financial year.,Labour
"My family disapproves of my live-in relationship, and I want to understand my legal standing.",Family
"The bank is threatening to take possession of my duplex house over a loan default, and I want to know my rights.",Property
My employer denies fair compensation for workers required to operate multiple machines simultaneously.,Labour
"My neighbour has planted trees right along the shared boundary, and I believe this actually encroaches onto my orchard land.",Property
"I paid the full amount for a flat, but the developer sold the same unit to another buyer as well.",Property
A government office denied me access to a public park reserved supposedly for a particular category of citizens only.,Constitutional
Someone leaves abusive notes on our car windshield almost every other day.,Criminal
Is there a way to get compensation for the mental harassment caused by a faulty wardrobe that the seller refuses to fix?,Consumer
My personal fitness tracker data was accessed and shared with a third party without my consent.,Cyber
I want to know if working continuously without a designated rest day is a fair employment practice.,Labour
"My mother wants to remarry, and I want to understand how this impacts her rights to my late father's property.",Family
Someone created a fake scholarship application website using our institute's name to collect student information.,Cyber
"My friend borrowed my car for a trip and returned it with serious damage, refusing to pay for repairs.",Civil
My neighbour is disputing the ownership of a small strip of land that has always been part of my apartment flat.,Property
The courier company delivered my gaming console in a badly damaged condition and is denying responsibility for the mishandling.,Consumer
My retail store's landlord suddenly increased rent beyond what was agreed in our signed lease contract.,Civil
I want to challenge an order that restricts specific communities from settling in certain parts of a city.,Constitutional
Someone created a fake property listing using photos of my apartment without my permission.,Cyber
A domestic worker who was last seen at our neighbour's house has not returned home since yesterday.,Criminal
The courier company delivered my pressure cooker in a badly damaged condition and is denying responsibility for the mishandling.,Consumer
How do I legally establish my ownership over an office space that has been in dispute with a family member for years?,Property
"My courier package containing a valuable inverter battery went missing in transit, and the courier company is refusing to compensate me.",Consumer
Someone is using stolen screenshots of my resume to apply for jobs under a different name.,Cyber
"I found foreign material inside a packaged food item I purchased, and the company is not taking my safety complaint seriously.",Consumer
"My wife's family insists on controlling our household finances, which I find deeply uncomfortable.",Family
A state authority denied recognition to a newly formed citizens' association without providing adequate reasons for the refusal.,Constitutional
A government order is interfering with how our religious institution manages its own internal affairs and administration.,Constitutional
I want to know if interns are protected against workplace harassment under employment norms.,Labour
I want to understand my rights regarding major decisions about our children's upbringing after separation.,Family
"My neighbour's dog was deliberately harmed, and we have reason to believe someone poisoned it intentionally.",Criminal
I want to compel a state government office to perform a legal duty that they have been refusing to carry out for months.,Constitutional
A company delayed payment for services rendered by my consultancy for over eight months without explanation.,Civil
A person created a fake online petition using my name to spread misinformation about a local issue.,Cyber
I entered into a written agreement with a distributor who is now violating the exclusivity clause.,Civil
"I paid a repair shop to fix my dishwasher, but they returned it in a worse condition than before and refuse to fix it again.",Consumer
My relatives are disputing whether an illegitimate child has any claim to family inheritance.,Family
"My wall clock stopped working under warranty, and the brand is asking me to bear the cost of spare parts, which seems unfair.",Consumer
Someone is threatening to release private recordings from a work meeting unless demands are met.,Cyber
My company denied medical leave extension despite submitting updated doctor recommendations.,Labour
I want to recover possession of a rented commercial space from someone who refuses to vacate despite the lease ending.,Civil
I want to understand the difference between annulment and divorce for a marriage that never truly began.,Family
My private handwritten notes were scanned and shared without consent by someone I trusted.,Cyber
The courier company delivered my leather jacket in a badly damaged condition and is denying responsibility for the mishandling.,Consumer
"I was fired for taking sick leave, even though I had submitted a valid medical certificate.",Labour
I want to know if I can limit my in-laws' involvement in decisions concerning my own children.,Family
My former business partner is refusing to pay his share of pending vendor bills for our joint venture.,Civil
My manager keeps assigning tasks outside regular working hours without acknowledging the additional workload.,Labour
I want to know how to address hostile behaviour from a senior employee at my workplace.,Labour
My business partner is refusing to honour a written agreement about splitting costs for shared office space.,Civil
My business partner is delaying necessary approvals needed to complete a pending client project.,Civil
I want compensation from a neighbour whose careless renovation caused permanent damage to my parked scooter.,Civil
"I want to cancel my health insurance policy within the free trial period, but the company keeps making it impossible to actually cancel.",Consumer
My employer is asking me to work from a client's office without updating my employment agreement.,Labour
"The bank is threatening to take possession of my farmhouse over a loan default, and I want to know my rights.",Property
"I have been working overtime regularly, but my company refuses to pay any additional compensation.",Labour
A group attacked my cousin with sickles during a clash between two families over farmland.,Criminal
My relative's business partner took a loan in the firm's name without informing the other partners.,Civil
My relative wants to annul her marriage since her husband was already engaged to someone else at the time.,Family
"My neighbour has planted trees right along the shared boundary, and I believe this actually encroaches onto my residential plot.",Property
A man posing as an income tax officer threatened to raid our house unless we paid him money.,Criminal
A scrap dealer was found in possession of copper wiring reported stolen from a construction site.,Criminal
"My refund for a returned microwave oven was approved by the platform, but the payment gateway shows it was never actually processed.",Consumer
My company is forcing overtime on factory workers without additional compensation as required.,Labour
My sister wants guardianship of our brother's children since he is unable to care for them currently.,Family
"The builder promised certain amenities in the brochure for my flat, but none of those facilities have actually been provided after possession.",Consumer
"A company installed pipelines through our property without proper agreement, causing damage to our land.",Civil
I want to understand my rights regarding paid sick leave under standard employment norms.,Labour
Someone is impersonating a placement consultant online to collect fees from job seekers under false promises.,Cyber
My old employer shared my personal appraisal details publicly after I left the organization.,Cyber
My company is deducting salary for lunch breaks that were previously considered part of working hours.,Labour
Someone downloaded and reposted my original short film on a piracy website without giving credit.,Cyber
"I signed a lease agreement for a housing plot, but the landlord is now demanding an increase in rent before the agreed term.",Property
I want to know if I am entitled to alimony since I gave up my career to raise our children.,Family
My relative wants to contest an existing guardianship arrangement that they believe is not in the child's interest.,Family
"My landlord entered my rented ancestral house without any prior notice while I was away, and I want to know my rights.",Property
How do I file a complaint against an online marketplace seller in Nagpur for selling me a defective electric kettle?,Consumer
Someone is impersonating a customs officer online to extort money from online shoppers.,Cyber
"My relative wants to adopt a relative's child informally, without going through the complete legal process.",Family
My cousin's shop lost customers after a rival trader circulated false claims about pricing malpractice.,Civil
I want to understand the process for correcting an error in our marriage registration certificate.,Family
My relative's shop suffered losses after a supplier delayed a critical shipment during the festive season.,Civil
I want to know my rights if I am being paid less than colleagues doing the same job.,Labour
A partner in our firm is using company funds for personal expenses without informing the other partners.,Civil
How do I file a complaint against a company showroom in Pune for selling me a defective induction cooktop?,Consumer
"Two people are claiming ownership of the same ancestral house in Nagpur, and I am not sure whose claim is valid.",Property
"After my father's death, my paternal uncle is refusing to give me my rightful share in our village land.",Property
A local administration ordered the closure of markets in a particular area citing reasons that seem disproportionate to the situation.,Constitutional
Police searched our house without showing any search warrant or explaining the reason for the raid.,Criminal
My vacant plot sale is stuck because the buyer is refusing to pay the remaining balance despite the agreement being signed.,Property
A local administration is preventing citizens from holding a peaceful march to raise awareness about a public health issue.,Constitutional
My relative's warehouse construction was left unfinished after the contractor abandoned the project without notice.,Civil
"The local authorities have issued a demolition notice for my commercial shop, and I want to challenge it legally.",Property
"I signed a lease agreement for an office space, but the landlord is now demanding an increase in rent before the agreed term.",Property
I want to know if citizens can be compelled by the state to participate in a government-organized public event.,Constitutional
"I want to cancel my DTH television subscription within the free trial period, but the company keeps making it impossible to actually cancel.",Consumer
My cousin's bicycle was stolen from outside the coaching centre despite being chained.,Criminal
"I paid for a job through an online portal but it turned out to be fraud, how do I get my money back legally?",Cyber
A business partner is refusing to honour verbal commitments made during our initial partnership discussions.,Civil
My cousin borrowed my laptop for his studies and has refused to return it for over a year.,Civil
"My relative wants to challenge her brother's appointment as guardian, citing concerns about his intentions.",Family
I want to know whether the state can restrict citizens' right to relocate to another state for employment reasons.,Constitutional
My duplex house was demolished by local authorities citing an old land dispute that I was never properly informed about.,Property
A person used my saved login credentials on a shared computer to access my private accounts.,Cyber
My husband and I got married in a temple ceremony and now want to register our marriage officially.,Family
My neighbour has started unauthorized construction that extends into my duplex house without any legal sanction.,Property
I want to compel a government-run institution to perform a legal duty that they have been refusing to carry out for months.,Constitutional
"My office laptop was accessed without permission and confidential files were copied, what should we do?",Cyber
"My second-hand car caught fire due to a wiring fault, and the manufacturer is refusing to accept any responsibility for the damage caused.",Consumer
My street play addressing a social issue was stopped by local officials without any formal written order being shown to me.,Constitutional
My private consultation notes from an online therapy session were leaked on a public forum.,Cyber
A tenant refuses to vacate a warehouse despite the lease agreement having expired several months ago.,Civil
The passport office is preventing me from practicing my trade in a public market without giving any valid legal reason.,Constitutional
Someone entered our locked storeroom by breaking the padlock and took away sacks of grain.,Criminal
The travel agency collected full payment for a travel package but failed to arrange half of the promised itinerary during the trip.,Consumer
"My siblings and I inherited an urban plot, but we cannot agree on how to divide it among ourselves fairly.",Property
"The showroom promised to replace my power bank within seven days of purchase, but they keep giving excuses every time I follow up.",Consumer
I want to know my options after being sold a kids' toy that turned out to be completely different from what was advertised.,Consumer
The registrar's office is delaying the registration of my vacant plot without giving me any clear reason for the delay.,Property
I want to know the correct process for registering a residential bungalow that I recently purchased in Kochi.,Property
My relative's shop shares an entrance with a neighbour who recently blocked half of it with new construction.,Civil
"My water heater developed a fault under guarantee, but the seller is insisting I pay labour charges which were supposed to be covered.",Consumer
"Someone is following my daily routine online and showing up at places I mention in my posts, and it feels unsafe.",Cyber
"Someone hacked into my email and is sending fake requests to my contacts for money, how do I report this?",Cyber
I want to understand how child support works when custody is shared equally between both parents.,Family
I want to know if factory workers are entitled to compensation during mass layoffs.,Labour
Someone entered our under-construction house and used it as a storage space without permission.,Criminal
A person created a fake internship certificate using our company's letterhead to mislead employers.,Cyber
I want to claim interim maintenance while our divorce case is still pending in court.,Family
A person warned my father that he would regret going to the police if he pursued the matter.,Criminal
A partner in our firm is refusing to contribute his share toward settling a pending vendor payment.,Civil
My relative wants to appoint a guardian for her child's inherited property until they reach adulthood.,Family
"My landlord wants to sell the residential plot I am renting, and I want to know how this affects my current tenancy rights.",Property
My employer transferred me to a subsidiary company without clarifying changes to my benefits.,Labour
My relative's shop was marked with threatening graffiti after he refused to pay a local group.,Criminal
My voice recording from a customer service call was used without permission in an online advertisement.,Cyber
I believe a government recruitment notification unfairly excludes candidates from a particular state without any reasonable justification.,Constitutional
My relative's marriage is under strain due to constant demands for money from the groom's family.,Family
My private online pottery class recordings were shared outside the group without my consent.,Cyber
"My landlord entered my rented family house without any prior notice while I was away, and I want to know my rights.",Property
"My old tweets were taken out of context and used to organize an online hate campaign against me, what can I do?",Cyber
"My father transferred an orchard land to my father through a gift deed, but I believe this transfer was made under pressure.",Property
My relative wants to understand her rights when her ex-husband wants to homeschool their children instead of formal schooling.,Family
I want to understand if training costs can be legally deducted from my final settlement.,Labour
"I was asked to pay advance money for a fake rental property listed online, what can I do?",Cyber
I want to understand my rights if I am asked to accept a lower position during restructuring.,Labour
"My friend created a fake Facebook profile using my photos, can I file a complaint?",Cyber
My company denied compensatory time off despite my working continuously through a national holiday.,Labour
"Someone stole my identity and opened a loan account in my name, how do I proceed?",Cyber
"An advertisement claimed my mobile phone had a special feature, but after buying it I discovered that claim was completely false.",Consumer
A person hired to conduct a training program for our staff cancelled just a day before without any explanation.,Civil
My grandfather wants to know if he can claim maintenance from his daughter as well as his sons.,Family
I want to know if seasonal factory workers have the same rights as permanent employees.,Labour
My private photography portfolio was scraped and reused on a stock photo website without consent.,Cyber
"My supervisor constantly criticizes my work in front of other team members, affecting my morale.",Labour
I was sold a motor insurance policy by a bank representative who did not disclose important terms that I only discovered later.,Consumer
The coaching institute is refusing to refund my fee even though I withdrew from the course well within their cancellation window.,Consumer
A person hired to repair my roof caused further damage and is refusing to compensate for the loss.,Civil
"My leather jacket developed a fault under guarantee, but the seller is insisting I pay labour charges which were supposed to be covered.",Consumer
A local authority denied our community group permission to hold an annual public procession without offering a valid explanation.,Constitutional
"I noticed duplicate charges on my card for a single purchase of a pair of running shoes, and the merchant is not refunding the extra amount.",Consumer
I want to know if a parent's remarriage affects existing custody arrangements for our children.,Family
My company terminated my remote position citing performance issues that were never properly evaluated.,Labour
I want to challenge a gift deed through which my village land was transferred to a relative without my knowledge.,Property
Someone spray painted offensive messages on the walls of our community temple.,Criminal
"A person published a defamatory post about my small business, leading to a noticeable drop in orders.",Civil
The land records office in Delhi shows a different owner for my ancestral house than what my sale deed indicates.,Property
A local council denied permission for a public seminar discussing a sensitive policy topic without giving valid grounds.,Constitutional
A travel agency cancelled our group booking at the last minute despite receiving full advance payment.,Civil
A scrap collector was found in possession of stolen agricultural equipment from nearby farms.,Criminal
Someone tried to abduct a child from a park while the parents were nearby but distracted.,Criminal
"My neighbour has built a boundary wall that intrudes several feet into my housing plot, and he refuses to correct it.",Property
My private drawing tutorials were repackaged and sold on another platform without credit.,Cyber
My uncle wants to remove himself as legal guardian since he can no longer care for the child.,Family
I was charged extra hidden fees while purchasing a water heater that were never mentioned anywhere during the checkout process.,Consumer
"The district collector's office is failing to fulfil a basic constitutional duty owed to citizens in my area, and I want to act on this.",Constitutional
My neighbour is disputing the ownership of a small strip of land that has always been part of my residential plot.,Property
"My cousin hired a lawyer who missed important deadlines, causing losses in an ongoing business matter.",Civil
"The local authorities have issued a demolition notice for my small plot, and I want to challenge it legally.",Property
A key witness in a case has stopped answering calls after receiving repeated threats.,Criminal
A group of strangers set up a temporary shelter on our land without asking for permission.,Criminal
A government office in Nagpur is treating me differently from other applicants purely because of my community background.,Constitutional
My professional certificate was used without permission to advertise fake online courses.,Cyber
I recently discovered that the title documents for my agricultural land may have been forged by a previous owner.,Property
I believe the passport office is discriminating against me on the basis of my gender while processing my application.,Constitutional
My cousin wants to know if guardianship automatically ends once the minor reaches the age of majority.,Family
"I have raised the same complaint about my water heater multiple times, but customer support keeps closing the ticket without resolving anything.",Consumer
"I was tricked into installing a remote access app and lost money from my bank account, what now?",Cyber
A witness in a criminal trial has gone missing right before he was scheduled to testify.,Criminal
"I have raised the same complaint about my hair dryer multiple times, but customer support keeps closing the ticket without resolving anything.",Consumer
My software code was copied and published by another developer as their own project.,Cyber
The company is refusing to honour the warranty on my treadmill saying I did not register it online within a specific time.,Consumer
I signed an employment contract that promised certain benefits which the company is now denying.,Labour
"My electric kettle delivery has been delayed by nearly three weeks now, and the tracking page has not updated in days.",Consumer
"After returning a wrongly delivered camera, the courier picked it up, but the platform is not issuing my refund despite several reminders.",Consumer
"The technician sent for furniture rental service did a careless job, and now the underlying problem has actually gotten worse than before.",Consumer
How do I legally establish my ownership over an apartment flat that has been in dispute with a family member for years?,Property
"A person is holding onto my furniture after I moved out of a shared rented space, refusing to return it.",Civil
I want to know whether the state can compel citizens to install a tracking application as a condition for movement.,Constitutional
"My spouse has been diagnosed with a condition that has made married life impossible, and I want a divorce.",Family
My relative's factory was set on fire allegedly by a rival business owner in the area.,Criminal
My cousin's husband has been missing for over a week after an argument at home.,Criminal
A stranger threatened to report false violations against my gaming account to get it permanently banned.,Cyber
What documents are required to prove clear ownership of an office space that I intend to sell in Mumbai?,Property
I want to know if a marriage performed without the consent of one party can be considered valid.,Family
"My order for a tablet was marked as delivered by the courier, but I never actually received the package at my address.",Consumer
"I received threats from an online loan app agent for a loan I never took, what can I do?",Cyber
I want to know if a live-in partner is entitled to maintenance if the relationship ends.,Family
A person is using stolen screenshots of my private messages to threaten my professional reputation.,Cyber
"I have raised the same complaint about my electric scooter multiple times, but customer support keeps closing the ticket without resolving anything.",Consumer
I want to know if a disowned child still retains any inheritance rights under family succession rules.,Family
"After returning a wrongly delivered mixer grinder, the courier picked it up, but the platform is not issuing my refund despite several reminders.",Consumer
"I suspect the documents shown to me by the seller of a piece of land are not genuine, and I need to verify their authenticity.",Property
I want to know how to legally divide an ancestral warehouse property among four siblings who all have equal claims.,Property
"I received a message threatening to release fake nude images of me unless I pay, what legal steps exist?",Cyber
A person hired to renovate our office caused water damage and is refusing to accept responsibility.,Civil
A public authority denied entry to a citizen at a government office because of the language they chose to communicate in.,Constitutional
A local administration ordered internet suspension across an entire district over an unrelated law and order issue.,Constitutional
"A vendor supplied products that did not match agreed specifications, causing rejection of an entire consignment.",Civil
A key witness in an ongoing case suddenly changed his statement after being visited by the accused's associates.,Criminal
I want to understand my rights if my contract keeps getting renewed without any increase in benefits.,Labour
My private online creative photography submissions were used without consent in an unrelated campaign.,Cyber
"I was denied a passport renewal without any clear reason being given, and I want to challenge this decision.",Constitutional
I believe the local police is discriminating against me on the basis of my gender while processing my application.,Constitutional
I want to understand how legitimacy affects a child's inheritance rights within our family.,Family
I want to seek custody of my children after my husband and I decided to separate permanently.,Family
"I paid for broadband internet plan, but the quality of service has been extremely poor and far below what was promised at the time of signing up.",Consumer
My offer letter mentioned certain perks that were never included once I joined the company.,Labour
Someone stole copper wiring from an under-construction site owned by our family business.,Criminal
My ancestral house title shows an old encumbrance that was supposed to have been cleared years ago but was never updated.,Property
"A public university rejected my application without giving any reasons, and I believe this decision was completely arbitrary.",Constitutional
I want to understand if remarriage of a parent affects their right to claim maintenance from children.,Family
My daughter received obscene messages and photos from an unknown man near her college.,Criminal
I was sold a loan processing service by a bank representative who did not disclose important terms that I only discovered later.,Consumer
Someone created a fake investment webinar using my photograph to attract unsuspecting participants.,Cyber
I want to enforce an agreement where my brother promised to repay a loan within a specific time.,Civil
"My father wants to remarry, and we want to understand how this affects our family's inheritance rights.",Family
I was billed for food delivery subscription at a much higher rate than what was quoted to me verbally at the time of subscribing.,Consumer
A person was found in possession of jewellery that had been reported stolen from a house nearby.,Criminal
I want to understand if my company can reassign my responsibilities without updating my job title.,Labour
I want to know if employees can refuse a transfer to another branch during company downsizing.,Labour
A gang has been forcing local traders to buy goods only from their suppliers under threat.,Criminal
My grandmother was physically abused by a hired attendant while we were away for a few days.,Criminal
"My cousin's supplier changed payment terms unilaterally, ignoring the conditions agreed upon in our contract.",Civil
I need to understand my legal right of way over a narrow strip of land that connects my housing plot to the main road.,Property
My business partner withdrew from our partnership without settling accounts as agreed in our contract.,Civil
A government authority is requiring citizens to reveal their marital status to access a scheme unrelated to family welfare.,Constitutional
My former roommate refuses to pay his share of the rent as agreed when we moved in together.,Civil
My employer deducted a large amount from my salary without providing any valid reason.,Labour
I want to know if the government can legally stop me from publishing an opinion piece critical of a state policy.,Constitutional
A stranger shared my personal information online along with false accusations to damage my reputation.,Cyber
A group vandalised our newly painted compound wall with abusive graffiti after a dispute over noise.,Criminal
My company invested in developing unique packaging that a supplier later used for another client without consent.,Civil
My relative found strangers occupying an unused portion of their ancestral house without permission.,Criminal
"I want to claim a share of assets that were accumulated during our marriage, even though they are in his name.",Family
My private chat with a doctor on a telemedicine app was leaked without my knowledge.,Cyber
My private conversation from a language exchange app was screenshotted and shared without consent.,Cyber
"My brother was arrested during a raid, but we were never given any reason for the arrest.",Criminal
I want to know if restitution of conjugal rights is still relevant if my spouse refuses to return.,Family
I want to know if maintenance obligations continue if the paying spouse becomes unemployed temporarily.,Family
"My wardrobe developed a fault under guarantee, but the seller is insisting I pay labour charges which were supposed to be covered.",Consumer
I discovered that a public sector employer has been monitoring my personal communications without informing me or obtaining proper authorization.,Constitutional
The extended warranty I paid extra for on my electric scooter is not being honoured now that the product has actually broken down.,Consumer
A person who worked with us on a project is using our unique branding elements for his own business.,Civil
"I have been using a pathway through a neighbouring plot for years, but the new owner is now refusing to allow me access.",Property
The courier company delivered my kids' toy in a badly damaged condition and is denying responsibility for the mishandling.,Consumer
"I repaid my home loan in full, but the bank is delaying the release of my independent house documents from the mortgage.",Property
My landlord is trying to evict me from my rented apartment flat without giving proper notice as required under the rental agreement.,Property
"A state-run school is failing to fulfil a basic constitutional duty owed to citizens in my area, and I want to act on this.",Constitutional
"My relative's newly built balcony extends into our airspace, causing issues with our roof drainage.",Civil
My employer withheld wages from an entire shift of workers due to a production shortfall.,Labour
I need guidance on getting my money back after a railway catering service provider failed to deliver what was promised in the contract.,Consumer
My delivery platform deducted money from my earnings citing a customer complaint I was never informed about.,Labour
I want to challenge the validity of my marriage since I was forced into it against my will.,Family
I want to recover unpaid rent from a former tenant who left owing several months of dues.,Civil
I want to claim damages from a neighbour whose renovation caused structural damage to my adjoining wall.,Civil
Someone broke the windows of our office and stole important files and a laptop overnight.,Criminal
Our factory union wants to raise concerns about unfair wage practices affecting all workers collectively.,Labour
I want to know if the state can restrict citizens from a particular religion from applying for a specific public role.,Constitutional
A client refused to pay the agreed fee after I completed a freelance writing assignment for them.,Civil
I need to understand my legal right of way over a narrow strip of land that connects my ancestral house to the main road.,Property
A stranger has been messaging my daughter on a game asking for personal information repeatedly.,Cyber
"Someone is using my photos to run a fake charity campaign online, how do I complain?",Cyber
My relative received an anonymous threat warning him to stay away from a local political rally.,Criminal
A government hospital denied treatment to a patient from a different state citing residency requirements that seem unreasonable.,Constitutional
"I paid a repair shop to fix my pair of wireless earphones, but they returned it in a worse condition than before and refuse to fix it again.",Consumer
I believe a government-run institution is discriminating against me on the basis of my gender while processing my application.,Constitutional
"A child in our neighbourhood was found with unexplained injuries, and we suspect abuse at home.",Criminal
How can I legally challenge a government-run institution for violating my fundamental rights while carrying out their official duties?,Constitutional
I want to understand my rights if my former partner refuses to acknowledge paternity of our child.,Family
"My family has been living on this row house for decades, but a private company now claims it owns the land.",Property
We separated three years ago and are now ready to formally file for mutual divorce.,Family
I want to know if forcing citizens to use a specific government mobile application to access essential services violates any rights.,Constitutional
"My husband abandoned our home, and I want legal guidance on my options to resolve this within our marriage.",Family
I need guidance on getting my money back after a travel package booking provider failed to deliver what was promised in the contract.,Consumer
I want to know if my alimony payments stop automatically once my former spouse remarries.,Family
A shopkeeper reported finding tampered packaging on food items delivered to his store.,Criminal
How can I legally challenge a state-run school for violating my fundamental rights while carrying out their official duties?,Constitutional
My uncle found that his retirement documents had been tampered with by someone in the office.,Criminal
A local body is preventing a minority community from constructing a community hall despite obtaining the required permissions.,Constitutional
My brother left for work three days ago and has still not returned or contacted anyone.,Criminal
My relative's business partner is refusing to pay his share of a bank loan taken for their joint venture.,Civil
I believe a state-run school is discriminating against me on the basis of my gender while processing my application.,Constitutional
Someone abandoned an infant near our community centre and we don't know who the parents are.,Criminal
I want to understand the maintenance obligations children have toward parents who are unable to support themselves.,Family
I want to compel the district administration to perform a legal duty that they have been refusing to carry out for months.,Constitutional
I want to know if a guardian needs court permission before selling any property belonging to the minor.,Family
A person threatened to poison the water supply of our locality during a heated dispute.,Criminal
"A salesperson promised free accessories with my mobile phone purchase, but the store later refused to give any of those promised items.",Consumer
"My photos were morphed and shared without my consent, what legal action is available?",Cyber
My warehouse property title shows an old encumbrance that was supposed to have been cleared years ago but was never updated.,Property
My employer is asking me to sign a contract that significantly reduces my existing benefits.,Labour
"My small plot is being acquired by the state for a public project, and I have concerns about the compensation offered.",Property
I believe a state government office is discriminating against me on the basis of my gender while processing my application.,Constitutional
I was charged extra hidden fees while purchasing a mobile phone that were never mentioned anywhere during the checkout process.,Consumer
"My personal details were used to open a social media account impersonating me, how do I get it removed?",Cyber
I want to recover possession of farmland that a relative has been using without any formal agreement.,Civil
My cousin wants to understand inheritance rights for a child born after their father's passing.,Family
I want to challenge a government rule that appears to unfairly restrict who can be nominated to a public advisory body.,Constitutional
"The product description online promised certain features for the smart TV, but what I received does not match those claims at all.",Consumer
A man presented forged educational certificates to secure a government job.,Criminal
I was detained briefly for raising slogans against a government policy during a peaceful demonstration in Delhi.,Constitutional
I want to know how gratuity is calculated for an employee who resigned after ten years of service.,Labour
My relative's shop supplied goods on credit to a retailer who has since stopped responding to payment requests.,Civil
I want to understand the process for withdrawing my provident fund after resigning from my job.,Labour
I want to compel a public university to perform a legal duty that they have been refusing to carry out for months.,Constitutional
"An unknown individual keeps commenting on every photo I post within minutes, and it feels like constant surveillance.",Cyber
I want to know if a family member who contested the will loses their right to any inheritance.,Family
"My family has been living on this independent house for decades, but a private company now claims it owns the land.",Property
I want to formally partition an inherited orchard land that is currently held jointly with my younger brother.,Property
"My company merged with another organization, and my pension benefits seem to have been affected.",Labour
I want to recover fees paid to a consultant who never completed the agreed business plan.,Civil
I want to know if a government order barring peaceful gatherings near a public building for months exceeds reasonable restrictions.,Constitutional
My employer denied reimbursement for a mandatory training course required for my current role.,Labour
"A state-run school denied me a government service on the basis of my caste, and I want to challenge this as discriminatory.",Constitutional
My housing plot was demolished by local authorities citing an old land dispute that I was never properly informed about.,Property
I want to know my rights regarding visitation if my ex-spouse relocates to another state.,Family
I want to understand what evidence is needed to prove that a parent genuinely needs maintenance support.,Family
A government office in Lucknow is treating me differently from other applicants purely because of my community background.,Constitutional
"Two people are claiming ownership of the same warehouse property in Ludhiana, and I am not sure whose claim is valid.",Property
A government department is denying me a duplicate identity document without giving valid reasons despite repeated requests.,Constitutional
I want to understand the process for forming a workers' union within our organization.,Labour
A classmate created a synthetic image of me in an inappropriate situation and circulated it in our college group.,Cyber
I want to know if the state can restrict citizens from forming a cooperative society without adequate justification.,Constitutional
I want to know how to legally remove my name from a jointly held farmhouse that I no longer wish to co-own.,Property
I want to understand my rights if my in-laws are preventing me from maintaining contact with my own family.,Family
I believe the local administration is discriminating against me on the basis of my gender while processing my application.,Constitutional
I want to question the legal authority of a person who has been appointed to hold a public office in Bhopal.,Constitutional
I want to know if platform workers have any right to dispute unfair penalty deductions.,Labour
My friend's car was vandalised with a hammer after he refused to pay a bribe demand.,Criminal
"My contract was terminated abruptly without any notice, even though I had worked there for two years.",Labour
I want to know if I can seek a protective order against continuous interference from my husband's family.,Family
Someone convinced my father to invest in a fake scheme promising double returns within six months.,Criminal
I want to challenge a government decision that appears to selectively enforce a rule against only certain citizens.,Constitutional
My father was cheated by a broker who took commission for a deal that was never completed.,Criminal
I want to cancel a sale deed for an agricultural land because I later discovered the seller had misrepresented facts about the land.,Property
My family member was detained by police beyond the legally permitted period without being produced before a magistrate.,Constitutional
My business is facing losses because a supplier stopped fulfilling orders without formally ending our contract.,Civil
I want to enforce a written agreement where a friend promised to repay a loan taken for his shop expansion.,Civil
"My father transferred a commercial shop to my father through a gift deed, but I believe this transfer was made under pressure.",Property
My cousin used a power of attorney to sell our family's independent house without informing the rest of the family members.,Property
My cousin's shop is being used as storage by a person who was only allowed temporary access.,Civil
I want to understand my legal standing within my marriage since my spouse threatens to leave frequently.,Family
I want to know if temporary workers can claim compensation for wrongful termination like permanent employees.,Labour
"I signed a sale agreement for a farmhouse, but the seller is now backing out of the deal after receiving my token amount.",Property
"My motor insurance policy auto-renewed without my consent, and the company charged my card despite me never approving the renewal.",Consumer
My relative's teenage son left home after a fight and hasn't been in touch for several days.,Criminal
A government office in Jaipur is treating me differently from other applicants purely because of my community background.,Constitutional
"My ex is sending threatening messages on WhatsApp daily, what can I do legally?",Cyber
My company is asking employees to work through lunch breaks without offering any compensation.,Labour
I want to file a compensation claim after an accident at the factory left me unable to work.,Labour
A stranger created a fake customer service chatbot using our brand's name to collect personal information.,Cyber
I want to compel a public sector employer to perform a legal duty that they have been refusing to carry out for months.,Constitutional
"A hacker defaced my personal website with offensive content, what legal action can I take?",Cyber
My landlord is refusing to return my security deposit even though I vacated the independent house in proper condition.,Property
How can I legally challenge a village panchayat for violating my fundamental rights while carrying out their official duties?,Constitutional
A government office in Bengaluru is treating me differently from other applicants purely because of my community background.,Constitutional
I want to know if non-compete clauses apply equally to all levels of employees within a company.,Labour
"After my father's death, my elder brother is refusing to give me my rightful share in our small plot.",Property
"My spouse has been controlling and abusive throughout our marriage, and I want protection while pursuing divorce.",Family
My neighbour keeps entering our terrace without permission despite being asked to stop.,Criminal
How do I file a complaint against the manufacturer's authorised dealer in Patna for selling me a defective electric kettle?,Consumer
"The local authorities have issued a demolition notice for my warehouse property, and I want to challenge it legally.",Property
A government office in Kochi is treating me differently from other applicants purely because of my community background.,Constitutional
My private online public speaking club recordings were leaked to unauthorized third parties.,Cyber
I found out that the property card for my residential bungalow contains an error regarding the boundaries of the plot.,Property
A supplier is trying to sell inventory that was already paid for by our company under the agreement.,Civil
"Someone hacked my Snapchat account and is impersonating me to my friends, what can I do?",Cyber
A partner in our joint venture leaked sensitive business plans to an outside party against our agreement.,Civil
I need guidance on getting my money back after an OTT streaming subscription provider failed to deliver what was promised in the contract.,Consumer
"My neighbour has planted trees right along the shared boundary, and I believe this actually encroaches onto my piece of land.",Property
We want to adopt a child and need guidance on the legal process involved in India.,Family
I want to understand standard paternity leave duration typically offered by Indian employers.,Labour
My employer is delaying my full and final settlement despite completing my resignation formalities.,Labour
A police officer stopped me from distributing pamphlets about a social cause in a public park without any clear legal basis.,Constitutional
A woman was followed into an elevator and inappropriately touched by an unknown man.,Criminal
I want to challenge a rule that requires citizens to disclose their religion before accessing an unrelated government service.,Constitutional
Someone entrusted with safekeeping my mother's jewellery during a wedding never returned it.,Criminal
My employer wants me to train my replacement before accepting my resignation formally.,Labour
"My bank account was emptied through a SIM swap fraud, what legal steps are needed?",Cyber
I want to know how to legally divide an ancestral vacant plot among four siblings who all have equal claims.,Property
I want to claim compensation from a neighbour whose water tank overflowed and damaged my property.,Civil
I want to question the legal authority of a person who has been appointed to hold a public office in Lucknow.,Constitutional
I want to stop a supplier from delivering goods to a location other than what was agreed in our contract.,Civil
"I discovered someone using facial recognition software to track my public photos, is this a violation?",Cyber
My wife refuses to let me take our daughter for overnight visits despite our agreement.,Family
I entered into a contract with a web developer who never delivered the completed website despite payment.,Civil
My child's tablet was found to have a hidden app secretly recording their screen activity.,Cyber
"My partner and I are in a live-in relationship, and his family does not recognize it as valid.",Family
A contractor billed us for work that was never actually completed at our construction site.,Civil
I want to know if the state can restrict citizens from forming a trade association without any clear statutory basis.,Constitutional
I want to know if I can prevent my spouse from selling shared assets during ongoing divorce proceedings.,Family
"My bike's after-sales service has been extremely poor, with the dealership repeatedly failing to fix the same recurring issue.",Consumer
My father was attacked while trying to stop a fight between two groups in our neighbourhood.,Criminal
A builder is refusing to pay our firm for architectural services despite the project being completed.,Civil
My former employer promised a bonus in writing but has failed to pay it even after a year.,Civil
My relative's motorcycle was found abandoned with parts missing after being reported stolen weeks ago.,Criminal
Someone broke into our poultry farm and stole a large number of birds in a single night.,Criminal
My husband is refusing to pay for our daughter's extracurricular activities as agreed earlier.,Family
Our company's customer records appear to have been leaked after a recent system update.,Cyber
"I purchased a residential plot, but the mutation of records in my name has still not been completed by the local authorities.",Property
"I signed a sale agreement for a small plot, but the seller is now backing out of the deal after receiving my token amount.",Property
I want to know if the state can require citizens to disclose their caste in situations unrelated to reservation benefits.,Constitutional
There is a boundary dispute over agricultural land that has been farmed by both our families for over two generations.,Property
My relatives are disputing whether a widow has equal inheritance rights alongside her husband's siblings.,Family
My relative's business partner is refusing to complete his portion of an agreed joint investment.,Civil
I believe the district administration is discriminating against me on the basis of my gender while processing my application.,Constitutional
A person has been going around our neighbourhood pretending to be a plainclothes police officer to intimidate people.,Criminal
My employer denied my request for unpaid leave despite having a valid personal reason.,Labour
My in-laws are refusing to return gold ornaments that were gifted to me by my own family.,Family
"My resignation was accepted, but the company is asking me to work an additional unpaid month.",Labour
"A state law requires citizens to register personal details before accessing a public service, and I am concerned this violates privacy.",Constitutional
I want a court's direction to enforce a written promise where a colleague agreed to transfer shared equipment to me.,Civil
"My complaint regarding a defective air conditioner was acknowledged by customer care, but no action has actually been taken so far.",Consumer
"The technician sent for pest control service did a careless job, and now the underlying problem has actually gotten worse than before.",Consumer
"I have been facing constant network issues with my mobile connection, yet the provider refuses to offer any bill adjustment.",Consumer
What steps can I take if a public authority refuses to respect my constitutional right to equal treatment under the law?,Constitutional
"The showroom promised to replace my tablet within seven days of purchase, but they keep giving excuses every time I follow up.",Consumer
A person allegedly altered financial records to hide evidence of embezzlement from an audit.,Criminal
I want to know if remote work employment terms differ from standard office-based employment contracts.,Labour
"The dishwasher I purchased has a manufacturing defect, but the brand's customer care keeps closing my complaint ticket without resolving it.",Consumer
"My printer delivery has been delayed by nearly three weeks now, and the tracking page has not updated in days.",Consumer
My company changed my role to exclude overtime pay without informing me in advance.,Labour
The billboard advertisement for a printer sale mentioned a price that was very different from what I was actually charged in-store.,Consumer
I want to challenge my termination since I believe it was done without following proper procedure.,Labour
I want a court's direction stopping my neighbour from parking vehicles that block my shop's entrance daily.,Civil
"I bought a ceiling fan in Jaipur last month and it broke down almost immediately, but the shop owner denies any fault in the product.",Consumer
My relative wants to formally document a family settlement to avoid future disputes over inherited farmland.,Family
I believe a central government authority is discriminating against me on the basis of my gender while processing my application.,Constitutional
Someone used fake documents to transfer ownership of my ancestral property without my knowledge.,Criminal
"My landlord entered my rented residential bungalow without any prior notice while I was away, and I want to know my rights.",Property
"After registering the sale deed for my residential plot, I discovered the seller did not have full ownership rights to sell it.",Property
I want to claim pending overtime wages from a company I left several months ago.,Labour
A stranger created a fake customer refund portal using our brand's name to collect banking information.,Cyber
My apartment developer delayed handing over possession by more than a year without any valid explanation or compensation offered.,Consumer
A former employee is refusing to return company property despite being asked multiple times after resignation.,Civil
A financial institution has taken possession of my independent house even though I was current on all my loan payments.,Property
I want to challenge a state notification that restricts my right to open a business anywhere within the state.,Constitutional
"Someone recorded a private video call without my consent and is threatening to leak it, what can I do?",Cyber
"My father transferred an orchard land to my half-brother through a gift deed, but I believe this transfer was made under pressure.",Property
My niece was harassed by a group of boys who followed her scooter for several kilometres.,Criminal
My cousin promised to repay money borrowed for a family emergency but has stopped responding to my messages.,Civil
A person's careless handling during loading damaged goods meant for our export shipment.,Civil
A retailer has stopped paying for goods supplied on credit despite acknowledging the debt earlier in writing.,Civil
"Someone created a fake profile of me on a dating app, how do I report this?",Cyber
My company is asking me to return to work before my doctor recommended medical leave has ended.,Labour
"I have been complaining about poor packers and movers for months now, but the provider keeps assuring improvement without any real action.",Consumer
My cousin says he was forced to sign a blank paper while in police custody.,Criminal
How do I legally establish my ownership over an independent house that has been in dispute with a family member for years?,Property
The e-commerce site delivered an empty box instead of the ceiling fan I had ordered and paid for in full online.,Consumer
I want to know if children born from a live-in relationship have the same rights as those from marriage.,Family
My employer refuses to grant a promised increment citing company losses that were never officially disclosed.,Labour
"My relative co-signed for a personal loan taken by a friend, who has since stopped making repayments entirely.",Civil
My private online cooking class recordings were leaked and distributed without permission.,Cyber
"My social media account was reported and banned falsely by a group of trolls, can I take legal action?",Cyber
My neighbour keeps a weapon at home and has threatened to use it against us during disputes.,Criminal
"I received a message claiming to be from customs asking for a fee to release a parcel, is this fraud?",Cyber
"My neighbour has built a boundary wall that intrudes several feet into my duplex house, and he refuses to correct it.",Property
"A person is using multiple fake accounts to troll and insult me on social media, how do I report this?",Cyber
"I paid a repair shop to fix my washing machine, but they returned it in a worse condition than before and refuse to fix it again.",Consumer
"My father transferred a duplex house to my maternal uncle through a gift deed, but I believe this transfer was made under pressure.",Property
My employer denies requests for a formal grievance redressal meeting despite multiple written complaints.,Labour
"I signed a sale agreement for a warehouse property, but the seller is now backing out of the deal after receiving my token amount.",Property
My workplace does not provide adequate first aid facilities despite handling machinery-related tasks daily.,Labour
A group trespassed into our warehouse premises and damaged the boundary fencing.,Criminal
"My induction cooktop is still within the warranty period, but the service centre is asking me to pay for a repair that should be free.",Consumer
"I entered into a written agreement for a car purchase, but the seller is refusing to transfer ownership.",Civil
My private online photography critique session was recorded and shared without my permission.,Cyber
"I own a small plot, but local occupants have taken over the land and are refusing to vacate despite my repeated requests.",Property
"I paid for express delivery of a vacuum cleaner, but it arrived more than ten days late without any explanation from the platform.",Consumer
A person was caught trying to sell suspicious tablets to teenagers near a bus stand.,Criminal
"I received a ceiling fan that makes strange noises since day one, and the company keeps delaying the technician visit for weeks now.",Consumer
Someone repeatedly enters our shop after closing hours despite being warned by the watchman.,Criminal
I want to know how maintenance amounts are typically decided when a couple separates.,Family
I want to understand what actions I can take if my company ignores repeated fire safety violations.,Labour
What are my constitutional options if a government authority in Guwahati continues to ignore my legitimate grievance?,Constitutional
A government authority denied recognition to a minority-run cultural organization without providing any valid reason.,Constitutional
My relative wants to establish the legitimacy of her child born during a brief separation from her husband.,Family
My teenage nephew got into a fight and injured another minor seriously during a school event.,Criminal
A stranger created a fake pet adoption listing using photos from my personal social media.,Cyber
I want to know if severance packages differ based on an employee's length of service.,Labour
My duplex house was used as collateral for a loan taken by a family member who has now defaulted on the repayment.,Property
How can I legally challenge the municipal corporation for violating my fundamental rights while carrying out their official duties?,Constitutional
I want to challenge a decision denying recognition to a community organization representing an indigenous group.,Constitutional
My husband wants me to leave our matrimonial home even though I have nowhere else to go.,Family
"My uncle was found unconscious with severe injuries near his shop, and we suspect foul play.",Criminal
A data breach at a service I use resulted in my personal information being exposed publicly.,Cyber
My relative discovered that a group was operating a fake recruitment racket targeting migrant workers.,Criminal
A stranger is threatening to expose my private medical condition shared during an online consultation.,Cyber
My relative wants to understand her options if she disagrees with a family court's initial custody ruling.,Family
"A salesperson promised free accessories with my second-hand car purchase, but the store later refused to give any of those promised items.",Consumer
My company delayed my gratuity payment for several months after I left the organization.,Labour
I want to know if my employer can mandate work travel without prior notice or consent.,Labour
I want to know if unused earned leave should be compensated when I resign from my job.,Labour
My cousin has gotten involved with a group running an illegal betting operation in our town.,Criminal
I want to formally partition an inherited ancestral house that is currently held jointly with my half-brother.,Property
"I have written several emails about my unresolved DTH television issue, but the company never responds with any concrete solution.",Consumer
My employer promised a yearly bonus that has not been paid despite good company performance.,Labour
My employer reduced my department's headcount without offering any retraining opportunities beforehand.,Labour
I want to question the legal authority of a person who has been appointed to hold a public office in Patna.,Constitutional
The courier company delivered my water heater in a badly damaged condition and is denying responsibility for the mishandling.,Consumer
A public authority is restricting entry of citizens into a government office based on their manner of dress.,Constitutional
"My husband moved out of our house last month, and I want to know if this counts as legal separation.",Family
I was detained briefly for raising slogans against a government policy during a peaceful demonstration in Kochi.,Constitutional
I want to divorce my husband because he has been mentally torturing me since our wedding.,Family
The e-commerce site delivered an empty box instead of the smartwatch I had ordered and paid for in full online.,Consumer
I want to recover a sewing machine given to a tailor for temporary use that he now refuses to return.,Civil
"I found a fake job offer letter using my company's logo circulating online, what legal action can we take?",Cyber
The extended warranty I paid extra for on my leather jacket is not being honoured now that the product has actually broken down.,Consumer
My professional license was suspended by a government body without giving me a fair opportunity to present my case.,Constitutional
"An unknown program is running in the background of my computer, and I think it is recording my keystrokes.",Cyber
I want to understand my rights if I am being excluded from important meetings unfairly at work.,Labour
My private online music lessons were recorded and resold without my knowledge or consent.,Cyber
Someone damaged the CCTV cameras installed outside our shop before committing a theft.,Criminal
My relative's tenant damaged the shop's flooring and is refusing to pay for the necessary repairs.,Civil
We found stolen electronic goods being sold cheaply by a person in our neighbourhood.,Criminal
I was terminated without notice after working with the company for over five years.,Labour
A group of men have been planning together to rob houses in our locality during festival season.,Criminal
I recently discovered that the title documents for my row house may have been forged by a previous owner.,Property
One of the co-owners of our jointly owned family house wants to sell his share without consulting the rest of us.,Property
My cousin was arrested on suspicion but no evidence has been shown to us even after several days.,Criminal
How do I file a complaint against an offline retail store in Kolkata for selling me a defective tablet?,Consumer
The construction on my land was done without my permission by a developer who claims to have separate rights over the property.,Property
A relative was held in custody beyond the permitted hours without being produced before a magistrate.,Criminal
A person attacked my father with a cricket bat during an argument at a local club.,Criminal
I want to understand my rights to the matrimonial home since it was purchased solely in my husband's name.,Family
My employer denied my request to review the criteria used for selecting employees during layoffs.,Labour
A person I hired to paint my house left the work incomplete and is not responding to my calls.,Civil
"Someone created a bot account to spread false information using my name, how do I report this?",Cyber
A person was caught storing goods in his house that appeared to be stolen from a nearby warehouse.,Criminal
Someone posted misleading claims about my consultancy's track record on a public online review platform.,Civil
Someone attempted to physically restrain a child to stop them from returning home after school.,Criminal
I want to seek visitation rights since my ex-husband has been denying me access to our son.,Family
The land records office in Chandigarh shows a different owner for my residential plot than what my sale deed indicates.,Property
My father was warned over the phone that his shop would be destroyed if he did not comply.,Criminal
"My wife wants to change our children's surname after our divorce, and I disagree with this decision.",Family
A former business partner refuses to vacate office premises even after our partnership has officially ended.,Civil
"I have written several emails about my unresolved motor insurance policy issue, but the company never responds with any concrete solution.",Consumer
My husband wants an annulment claiming our marriage was never consummated.,Family
A stranger set up an account with my display picture and bio to trick my followers into believing it is me.,Cyber
My insurance claim under my life insurance policy was rejected on flimsy grounds even though my policy clearly covered the incident.,Consumer
My business partner is refusing to reimburse me for expenses I paid on behalf of our joint venture.,Civil
"Despite paying full charges for property maintenance service, I have been receiving highly unsatisfactory and inconsistent service for weeks now.",Consumer
My company assigned me a lower-paying role after I returned from a long medical leave.,Labour
I want to recover payment for consulting services rendered to a company that later denied receiving them.,Civil
I want to challenge a decision where a government body acted without providing me any opportunity to be heard first.,Constitutional
I want to know if my provident fund nominee details can be updated without employer approval.,Labour
I want to know if my wife can claim a share of property I owned before we got married.,Family
My salary was credited late again this month without any explanation from the accounts department.,Labour
"My treadmill caught fire due to a wiring fault, and the manufacturer is refusing to accept any responsibility for the damage caused.",Consumer
"I purchased a farmhouse, but the mutation of records in my name has still not been completed by the local authorities.",Property
"I was lured by a big discount advertisement for a vacuum cleaner, but at checkout the seller charged me the full original price instead.",Consumer
"The product description online promised certain features for the pressure cooker, but what I received does not match those claims at all.",Consumer
My workplace lacks basic safety equipment despite handling hazardous materials regularly.,Labour
I want to understand if festival bonuses are a legal entitlement or purely discretionary.,Labour
My relative's father wants to claim maintenance but is hesitant due to strained family relationships.,Family
Someone threatened to kill my entire family unless I dropped a case I had filed.,Criminal
My cousin wants to annul her marriage since consent was obtained through serious misrepresentation.,Family
I want to know how to address unfair workload distribution that seems to target specific employees.,Labour
Someone attacked a delivery boy and stole his motorcycle near our residential complex.,Criminal
"A group is spreading defamatory content about me on social media, can I take legal action?",Cyber
My company announced bonuses for the team but excluded me without any explanation.,Labour
I want to know what qualifies as stridhan and how I can claim it back after my divorce.,Family
"My son and daughter-in-law are unable to care for their child, and we want to step in as guardians.",Family
I want to verify whether the title of a row house I am about to purchase is completely clear of any disputes.,Property
"My child was added to an inappropriate group chat by an unknown classmate, how should we handle this legally?",Cyber
A government department refused to update my official records to reflect a change I am constitutionally entitled to make.,Constitutional
I want to understand if probationary employees are entitled to the same benefits as permanent staff.,Labour
What can I do if my co-owner is trying to sell a jointly owned agricultural land without informing me at all?,Property
My tenant is causing damage to my housing plot and refuses to pay for the repairs despite the terms of our lease.,Property
My relative was assaulted by a security guard while trying to enter a residential complex.,Criminal
I want to know whether continuous tracking of citizens' movements by a government app without consent violates any fundamental rights.,Constitutional
"Someone repeatedly sends malware-infected files disguised as documents through email, what should I do?",Cyber
A government authority is requiring an unusual loyalty declaration from citizens before allowing them to access a public benefit.,Constitutional
"My husband has been mentally and emotionally abusive within our marriage, and I want to address this legally.",Family
I want to understand if secondment to another company changes my original employment rights.,Labour
I want to know if I can stop unauthorized construction happening right on the boundary of my residential bungalow.,Property
A fire broke out in our warehouse under suspicious circumstances right after a dispute with a former employee.,Criminal
Someone slashed the seats of our tempo van parked outside the workshop overnight.,Criminal
Someone secretly recorded me during a private video call and is now threatening to publish it.,Cyber
I want to know how courts decide custody when both parents want to raise the children.,Family
"I paid in advance for a medical procedure that was never actually performed, and the hospital is refusing to refund the amount.",Consumer
I want to know if both parents must agree before a child can travel abroad after divorce.,Family
My friend was tricked into signing loan documents by someone posing as a bank representative.,Criminal
A person is using my old wedding photos without consent to promote a photography business.,Cyber
I want to know if remote workers are entitled to the same benefits as in-office employees.,Labour
"I was sold a bicycle under the false claim that it was imported, but later I found out it was locally manufactured.",Consumer
"My private voice notes were shared without consent in a public forum, is this a violation of privacy?",Cyber
The e-commerce site delivered an empty box instead of the pair of running shoes I had ordered and paid for in full online.,Consumer
"My landlord wants to sell the ancestral house I am renting, and I want to know how this affects my current tenancy rights.",Property
I want to understand if my employer can terminate me during my maternity leave period.,Labour
I want to know my rights as a contract employee regarding job security and benefits.,Labour
I want to know if it is constitutional for a state to require prior permission before citizens can organize any public meeting.,Constitutional
"I am being harassed by an unknown number through repeated calls and texts, is there a cyber law for this?",Cyber
A state government imposed restrictions on movement between districts that seem excessive given the actual circumstances involved.,Constitutional
Someone deliberately set our parked tractor on fire after we refused to lend it to them.,Criminal
My cousin's landlord is refusing to honour a written agreement allowing early termination of the lease.,Civil
A boy grabbed my mobile phone from my hand while I was talking and ran into the crowd.,Criminal
"My husband threatens me whenever I raise concerns about our marriage, and I want to understand my legal protections.",Family
"My employer merged my department with another team, leading to unclear reporting structures.",Labour
"My wife moved out after a disagreement, and I want to understand the process for seeking her return.",Family
"My power bank stopped working under warranty, and the brand is asking me to bear the cost of spare parts, which seems unfair.",Consumer
My cousin wants to understand her rights as an adopted child regarding her biological family's inheritance.,Family
Someone gained access to my parking app account and used my saved vehicle details fraudulently.,Cyber
I want to know if the state can prevent citizens from displaying religious symbols on their private vehicles.,Constitutional
I want to understand my rights over gifts exchanged between our two families during our wedding.,Family
"My pressure cooker developed a fault under guarantee, but the seller is insisting I pay labour charges which were supposed to be covered.",Consumer
Is it possible to claim a refund for a hair dryer purchased in Mumbai that stopped working just days after delivery?,Consumer
What are my constitutional options if a government authority in Kolkata continues to ignore my legitimate grievance?,Constitutional
"I bought a second-hand car that stopped working within a week, and a wholesale dealer is refusing to repair or replace it. What can I do?",Consumer
My private online tutoring sessions were recorded and shared without my consent by a student.,Cyber
My uncle received threatening letters demanding money in exchange for his safety.,Criminal
I need to understand my legal right of way over a narrow strip of land that connects my residential bungalow to the main road.,Property
My relative was wrongly named in an FIR related to an incident he had no connection to.,Criminal
"I was not allowed to consult a lawyer while in police custody, and I want to know if this violates my rights.",Constitutional
My internship was extended repeatedly without any conversion to a permanent position as promised.,Labour
"My neighbour has slowly encroached onto my land over the years, and now a portion of my ancestral house is being used by them.",Property
My employer is withholding my relieving letter until I complete the entire notice period.,Labour
I want to enforce an agreement where a supplier promised fixed pricing for an entire year.,Civil
My business partner disclosed our trade secrets to a competitor despite signing a confidentiality agreement.,Civil
My private online public forum posts were compiled and shared to embarrass me among mutual acquaintances.,Cyber
We both want a divorce but disagree on whether we need to wait before the final hearing.,Family
My cousin was detained for questioning but not allowed to inform his family for several hours.,Criminal
Someone is impersonating a government scholarship officer online to collect personal details from students.,Cyber
My bill for cloud storage subscription included several unexplained charges that were never disclosed to me at the time of signing up.,Consumer
My employer stopped provident fund contributions without informing employees about the change.,Labour
My photos from a private album were leaked online after my phone was repaired at a local shop.,Cyber
My relative's tenant is refusing to leave a rented stall despite the agreement clearly stating a fixed term.,Civil
My cousin's business partner is holding onto shared office equipment after their partnership officially ended.,Civil
I want to know whether my married sister has an equal share in our ancestral independent house along with the other siblings.,Property
My uncle refuses to hand over possession of the family house even after a partition was agreed upon by the family.,Property
My employer denies leave requests for remote employees more frequently than for office-based staff.,Labour
How can I legally challenge a public sector employer for violating my fundamental rights while carrying out their official duties?,Constitutional
I want to understand whether the state can restrict access to a public library based on a person's community background.,Constitutional
A dispute has arisen over irrigation access rights between two neighbouring agricultural landowners in the same village.,Property
The dealer added processing charges to my designer saree bill that were never mentioned before I agreed to make the purchase.,Consumer
"My neighbour dug a trench near our shared wall, weakening its structure and causing visible damage.",Civil
My mother was pushed down the stairs during an altercation with our neighbour over a common wall.,Criminal
What is the correct legal process to transfer a warehouse property from my father's name to my name after his death?,Property
"My landlord wants to sell the office space I am renting, and I want to know how this affects my current tenancy rights.",Property
The courier company delivered my electric kettle in a badly damaged condition and is denying responsibility for the mishandling.,Consumer
I want to know if freelance platform workers can claim compensation for unpaid completed assignments.,Labour
I believe a government department is discriminating against me on the basis of my gender while processing my application.,Constitutional
Someone created a fake rental listing using photos of my actual home without my permission.,Cyber
A software company cancelled our annual licensing agreement midway without providing the notice period specified in the contract.,Civil
I want to know how to reclaim possession of my housing plot from squatters who moved in without my permission.,Property
A group of men blocked my car and threatened me after a minor road accident.,Criminal
I want to understand the difference between guardianship and adoption for a child in my care.,Family
"My company is disputing my total years of service, which affects my gratuity eligibility.",Labour
"A person is temporarily storing construction material on our land without permission, and we want it removed.",Civil
My in-laws are denying me visitation with my children after my husband's sudden passing.,Family
A public authority is preventing access to a public library for citizens who cannot produce a specific identity proof.,Constitutional
A local goon has been threatening shopkeepers who refuse to display his party's posters.,Criminal
"A hacker installed spyware on my phone without my knowledge, how do I address this legally?",Cyber
My neighbour has started unauthorized construction that extends into my farmhouse without any legal sanction.,Property
"The person who sold me a residential bungalow turns out to have only partial ownership, and other co-owners were never informed of the sale.",Property
"I want to recover money lent to a colleague for his medical treatment, which remains unpaid after two years.",Civil
I want to know if my company must provide crÃ¨che facilities as promised in our HR policy.,Labour
A person threatened my father with a sickle during a dispute over cattle grazing rights.,Criminal
A person created a fake customer verification portal using our internet provider's name to steal passwords.,Cyber
"My air conditioner is still within the warranty period, but the service centre is asking me to pay for a repair that should be free.",Consumer
A woman was groped in a crowded religious gathering and the man managed to flee.,Criminal
I want to know how to recover valuables that were given as gifts to my in-laws during my wedding.,Family
My tenant has stopped paying rent and is now refusing to vacate my residential plot despite the lease period having ended.,Property
"My Twitter account was hacked and used to post offensive content, what should I do?",Cyber
I want to recover dues from a client who has not paid for goods delivered as per our agreement.,Civil
"I got a call saying my bank account will be blocked unless I share OTP, is this legal action needed?",Cyber
Is there a way to get compensation for the mental harassment caused by a faulty gaming console that the seller refuses to fix?,Consumer
A stranger created a fake customer helpline using our courier company's name to collect personal details.,Cyber
"My sofa set developed a fault under guarantee, but the seller is insisting I pay labour charges which were supposed to be covered.",Consumer
How can I verify that an agricultural land I am planning to buy is free from any pending legal disputes?,Property
Someone collected money from several families promising jobs abroad and then disappeared completely.,Criminal
"The person who sold me a housing plot turns out to have only partial ownership, and other co-owners were never informed of the sale.",Property
How do I file a complaint against the manufacturer's authorised dealer in Bhopal for selling me a defective water heater?,Consumer
"My family has been living on this urban plot for decades, but a private company now claims it owns the land.",Property
I found out that the property card for my commercial shop contains an error regarding the boundaries of the plot.,Property
"My phone lost network suddenly, and later I found someone had used my number to access personal accounts.",Cyber
My partner and I want to marry under a civil law that does not require either of us to convert.,Family
A transport company damaged goods during delivery and is refusing to compensate for the loss.,Civil
My relative's partner in a joint venture withdrew funds without informing the other stakeholders.,Civil
A thief broke the grill of our kitchen window and entered the house while we were out for a function.,Criminal
I want to know if my company can reduce wages temporarily citing a slowdown in business.,Labour
The local police is preventing me from practicing my trade in a public market without giving any valid legal reason.,Constitutional
A person is threatening to leak private voice messages from a group call unless I comply with demands.,Cyber
"After returning a wrongly delivered wall clock, the courier picked it up, but the platform is not issuing my refund despite several reminders.",Consumer
My tenant has sublet my farmhouse to another person without asking for my permission as the owner.,Property
I want to understand if gig economy workers have any right to appeal unfair rating systems.,Labour
I was detained briefly for raising slogans against a government policy during a peaceful demonstration in Ahmedabad.,Constitutional
I want to understand my rights if my employer pays less than the state-mandated minimum wage.,Labour
Someone used a voice changer to impersonate me during a call and asked my colleagues for confidential files.,Cyber
My relative was offered money to stay silent after witnessing an assault at a local shop.,Criminal
My relative's stepchildren are disputing their inheritance rights compared to her biological children.,Family
The rental agreement for my commercial shop has an unusual clause that I am worried may not be legally enforceable.,Property
"I was sold a wardrobe under the false claim that it was imported, but later I found out it was locally manufactured.",Consumer
"The store overcharged me for a smartwatch beyond the price printed on the label, and they are refusing to correct the bill.",Consumer
I was detained briefly for raising slogans against a government policy during a peaceful demonstration in Chandigarh.,Constitutional
I want to question the legal authority of a person who has been appointed to hold a public office in Guwahati.,Constitutional
"I cancelled my order for a washing machine within the return window, but the seller is refusing to process my refund citing some policy.",Consumer
A public authority is denying a community access to a shared water source that has been used for generations.,Constitutional
My neighbour's poultry farm emits a foul smell that has made it difficult for our family to stay comfortable.,Civil
My in-laws are pressuring me to vacate the house I have lived in since my marriage.,Family
"My relative gave money to an agent for a property deal, but he used it for his own purposes.",Criminal
Our housing society is disputing my ownership rights over a parking space that I believe was included in my original flat purchase.,Property
My employer is refusing to recognize our newly formed employee union despite majority support.,Labour
My cousin was falsely accused of assault by someone trying to avoid blame for his own actions.,Criminal
Someone slipped something into my drink at a party and I woke up feeling extremely unwell the next day.,Criminal
"Someone hacked my online gaming account and stole in-game purchases, can I report this?",Cyber
"A fake profile using my identity is sending inappropriate messages to strangers, tarnishing my reputation.",Cyber
I want to seek maintenance arrears since my husband has failed to pay for the last several months.,Family
A person filed a false complaint of criminal intimidation against my husband after a business disagreement.,Criminal
My residential plot was demolished by local authorities citing an old land dispute that I was never properly informed about.,Property
A government office in Patna is treating me differently from other applicants purely because of my community background.,Constitutional
My employer is asking factory workers to complete extra shifts without any additional wages.,Labour
I want to know if my daughter's in-laws can be held accountable for continuous harassment affecting her marriage.,Family
A freelance designer took payment for a project but never delivered the completed work.,Civil
"A person hired to survey our land gave incorrect boundary details, leading to a dispute with a neighbour.",Civil
Someone impersonated my late grandfather's social media account to ask relatives for urgent financial help.,Cyber
I recently discovered that the title documents for my housing plot may have been forged by a previous owner.,Property
My company terminated my contract citing performance issues that were never communicated to me earlier.,Labour
"My employer treats certain employees differently based on their department, affecting our career growth.",Labour
My relative wants to relocate with her children after divorce but is unsure about the legal requirements.,Family
My company's designs were used by a former vendor without authorization after our contract ended.,Civil
"I have written several emails about my unresolved wedding photography service issue, but the company never responds with any concrete solution.",Consumer
A public authority is restricting a community's access to a traditional fishing area without any clear legal basis.,Constitutional
A construction site nearby caused cracks to develop in my house due to continuous vibrations.,Civil
"My manager promised salary revision months ago, but it has never been reflected in my pay.",Labour
"I purchased a mobile phone from an online marketplace, and it turned out to be a counterfeit copy of the original branded product.",Consumer
"The showroom promised to replace my electric kettle within seven days of purchase, but they keep giving excuses every time I follow up.",Consumer
"My elder brother is asking for more than his rightful share in the ancestral duplex house, and we cannot reach an agreement.",Property
The billboard advertisement for a mixer grinder sale mentioned a price that was very different from what I was actually charged in-store.,Consumer
My landlord is refusing to return my security deposit even though I vacated the farmhouse in proper condition.,Property
"My neighbour's illegal construction is causing seepage into my house, and he refuses to take responsibility.",Civil
My private online creative writing submissions were leaked and published elsewhere without my consent.,Cyber
A supplier is refusing to issue a formal invoice despite receiving full payment for the goods delivered.,Civil
My company delayed processing my provident fund withdrawal for personal medical expenses.,Labour
My relatives are disputing whether our grandfather's will was properly executed before his passing.,Family
I want to stop a neighbour from letting his construction workers use our compound as a shortcut daily.,Civil
My husband agreed to mutual divorce but keeps delaying signing the final paperwork.,Family
I want to challenge an administrative circular that appears to unfairly restrict who can apply for a government license.,Constitutional
A stranger created a fake volunteer registration page using our NGO's name to collect donations.,Cyber
I want to know if verbal employment agreements are legally enforceable in India.,Labour
A dispute has arisen over whether a particular matter falls within the jurisdiction of the state or the central government.,Constitutional
I want to know if a prolonged internet shutdown ordered by the local administration can be constitutionally challenged.,Constitutional
"I have the original warranty card for my mobile phone, yet the authorised service centre is denying free repair citing some hidden clause.",Consumer
"The developer changed the layout of the project after selling me my flat, and I am worried about my actual title to the unit.",Property
My nephew is claiming ownership of our commercial shop even though it was registered solely in my father's name.,Property
Someone created a fake customer loyalty program using our brand name to collect personal details.,Cyber
"After returning a wrongly delivered smart TV, the courier picked it up, but the platform is not issuing my refund despite several reminders.",Consumer
"My son received threatening messages from classmates through an anonymous messaging app, what can we do?",Cyber
"I gave my grandfather power of attorney to manage my row house, but they have since misused it to sell the land.",Property
I want to understand my rights if my company suddenly changes remote work policies without notice.,Labour
A person hacked into my smart fridge app and is sending unusual notifications to my phone.,Cyber
I want to know if I am entitled to compensation if my job is eliminated due to automation.,Labour
I want to know if my employment continues uninterrupted when a company changes ownership.,Labour
A stranger is repeatedly sending threatening voice notes after I stopped replying to their messages.,Cyber
Our neighbour's house was broken into through the back door while the family was travelling.,Criminal
"My gym membership auto-renewed without my consent, and the company charged my card despite me never approving the renewal.",Consumer
My employer denied my request for maternity leave extension despite valid medical reasons.,Labour
A hacker sent fraudulent messages from my personal email account to my entire contact list.,Cyber
"My application for a government job was rejected without explanation, and I suspect it was because of my regional background.",Constitutional
I want to know if my employer can cancel my weekly off without prior notice regularly.,Labour
A website nearly identical to our official company site is collecting customer payments fraudulently.,Cyber
"A person made false public statements accusing me of dishonesty in business, harming my professional standing.",Civil
I have been working for six months without receiving any salary slip or formal payment record.,Labour
The mutation entry for my commercial shop still shows my late father's name even though I am the legal heir now.,Property
My employer is asking me to work on a public holiday without providing any additional compensation.,Labour
Someone made obscene gestures toward my sister while she was waiting outside a shop.,Criminal
My wife is asking for alimony that includes covering our children's future education costs.,Family
I want to know my rights after being injured due to unsafe machinery at my workplace.,Labour
"Despite paying full charges for laundry service, I have been receiving highly unsatisfactory and inconsistent service for weeks now.",Consumer
"Someone is forcing my brother to pay a monthly amount, threatening to expose false information about him.",Criminal
I want to understand if my employer can transfer me to a different department against my wishes.,Labour
The e-commerce site delivered an empty box instead of the microwave oven I had ordered and paid for in full online.,Consumer
My old university thesis was uploaded to a paid content site without my knowledge or consent.,Cyber
"I want a replacement for my faulty ceiling fan, but a roadside shop keeps sending a technician instead of giving me a new unit as promised.",Consumer
"My complaint regarding a defective leather jacket was acknowledged by customer care, but no action has actually been taken so far.",Consumer
My employer marked my approved leave as unpaid without any prior communication.,Labour
I want to know how to legally challenge someone holding a public post without meeting the required constitutional qualifications.,Constitutional
A government-run institution is preventing me from practicing my trade in a public market without giving any valid legal reason.,Constitutional
"After returning a wrongly delivered inverter battery, the courier picked it up, but the platform is not issuing my refund despite several reminders.",Consumer
My business is owed money by a distributor who has stopped responding to payment reminders.,Civil
"I noticed duplicate charges on my card for a single purchase of a study table, and the merchant is not refunding the extra amount.",Consumer
The mutation entry for my urban plot still shows my late father's name even though I am the legal heir now.,Property
I found an unfamiliar app on my partner's phone that seems to be tracking my location without my knowledge.,Cyber
I want to understand how courts handle jointly held bank accounts during divorce proceedings.,Family
What can I do if a packers and movers provider refuses to fix a recurring problem despite my numerous complaints and follow-ups?,Consumer
"The company's advertisement showed a much larger size for the electric kettle, but the delivered product was noticeably smaller than shown.",Consumer
A stranger created a fake customer support portal using our telecom provider's name to steal credentials.,Cyber
A company owes us payment for services rendered months ago and keeps citing internal delays as an excuse.,Civil
"I paid a repair shop to fix my motorbike, but they returned it in a worse condition than before and refuse to fix it again.",Consumer
My relative's shop is being encroached upon by a neighbour's newly extended veranda.,Civil
"My employer monitors my work hours excessively while working remotely, causing unnecessary stress.",Labour
I was dismissed from my job right after I raised concerns about unsafe working conditions.,Labour
"My bicycle is still within the warranty period, but the service centre is asking me to pay for a repair that should be free.",Consumer
A group has been shouting abuses outside our house late at night to intimidate us.,Criminal
A state government office is preventing me from practicing my trade in a public market without giving any valid legal reason.,Constitutional
I want to prevent a neighbour from constructing a structure that blocks the ventilation of my house.,Civil
My bill for furniture rental service included several unexplained charges that were never disclosed to me at the time of signing up.,Consumer
There is a dispute over who is the rightful owner of a warehouse property that has been in our family for three generations.,Property
What is the correct legal process to transfer a farmhouse from my father's name to my name after his death?,Property
I want to question the legal authority of a person who has been appointed to hold a public office in Bengaluru.,Constitutional
A district authority denied permission for a community gathering citing reasons that seem disproportionate to any real risk.,Constitutional
My employer changed my job title without discussing the implications for my career growth.,Labour
Someone created a fake customer verification call using our broadband provider's name to collect account details.,Cyber
I was detained briefly for raising slogans against a government policy during a peaceful demonstration in Guwahati.,Constitutional
My company denied my confirmation as a permanent employee despite completing the required probation period.,Labour
A person accessed my private fitness coaching account and shared client information without authorization.,Cyber
"My family has been living on this residential plot for decades, but a private company now claims it owns the land.",Property
"The showroom promised to replace my washing machine within seven days of purchase, but they keep giving excuses every time I follow up.",Consumer
I found out that the property card for my small plot contains an error regarding the boundaries of the plot.,Property
I need guidance on getting my money back after a loan processing service provider failed to deliver what was promised in the contract.,Consumer
My husband and I are considering adopting our niece since her parents cannot care for her.,Family
"I want a replacement for my faulty tablet, but a franchise store keeps sending a technician instead of giving me a new unit as promised.",Consumer
"A public authority denied my right to appeal an administrative decision, leaving me with no way to challenge the order.",Constitutional
Some men in our area are allegedly running an organized racket of stealing and reselling stolen mobile phones.,Criminal
"The car dealer promised certain free services and accessories at the time of purchase, but is now denying ever making that promise.",Consumer
"I paid a repair shop to fix my vacuum cleaner, but they returned it in a worse condition than before and refuse to fix it again.",Consumer
A person created a fake customer verification message using our water utility's name to collect payment details.,Cyber
My sister has not returned home for two days and her phone has been switched off since then.,Criminal
I want to know my rights regarding a pathway that runs through my piece of land which my neighbour uses to access their house.,Property
A person's careless digging near our property caused a portion of our compound wall to collapse.,Civil
"My photographs from a professional shoot were used commercially without my permission, is this a violation?",Cyber
Can I take action against a company that keeps ignoring my written complaints about their defective dinner set?,Consumer
"Someone hacked my PayPal account and transferred money to an unknown account, how do I report this?",Cyber
My employer pays me below the minimum wage applicable for my role and location.,Labour
I was sold a banking locker service by a bank representative who did not disclose important terms that I only discovered later.,Consumer
My private travel photos were used without consent in an unrelated travel agency advertisement.,Cyber
"I inherited an independent house from my grandfather, but a distant relative is now disputing my ownership over it.",Property
A person is repeatedly showing up outside my house uninvited despite being asked to stop.,Criminal
An unknown person is using my old passport photo to open fake social media accounts.,Cyber
How do I file a complaint against an online marketplace seller in Patna for selling me a defective geyser?,Consumer
Someone tried to strangle my sister during a heated argument at her workplace.,Criminal
A local group has encroached on a common warehouse property that legally belongs to our housing society as shared land.,Property
"A person is threatening to report false content against my social media account to get it banned, what can I do?",Cyber
The mutation entry for my residential bungalow still shows my late father's name even though I am the legal heir now.,Property
An app that my child uses for online classes appears to be collecting more personal data than expected.,Cyber
"My husband wants to involve our children in his new relationship, which concerns me during our custody dispute.",Family
My brother was beaten with fists by a group of men outside a local bar late at night.,Criminal
The state transport authority is preventing me from practicing my trade in a public market without giving any valid legal reason.,Constitutional
"My grandfather transferred his orchard land to one grandchild through a gift deed, and other family members are contesting it now.",Property
My company denied my leave request despite having sufficient leave balance available.,Labour
I want to recover possession of my shop from a person who refuses to vacate after the agreement ended.,Civil
"A neighbour attacked my father's employee, mistaking him for an intruder late at night.",Criminal
My relative's neighbour was caught trying to sell parts from a stolen motorcycle.,Criminal
"A packaging company delivered defective boxes causing damage to goods during transport, and they refuse liability.",Civil
I want to know if contract workers can claim provident fund benefits like regular employees.,Labour
"My wife left the country with our children without informing me, and I want to understand my legal options.",Family
"I signed a lease agreement for an orchard land, but the landlord is now demanding an increase in rent before the agreed term.",Property
"A man tried to forcibly enter my house late at night, claiming he had some dispute with my brother.",Criminal
What are my constitutional options if a government authority in Bengaluru continues to ignore my legitimate grievance?,Constitutional
My cousin was harassed with lewd comments by a group of men on a public street.,Criminal
I want to negotiate a fair alimony amount before finalizing our mutual consent divorce.,Family
"A hacker gained access to my smart TV and is sending strange messages through it, what can I do?",Cyber
"I cancelled my online tuition course weeks ago, yet the company continues to deduct the monthly amount from my card.",Consumer
A photographer took full payment for a wedding shoot but never delivered the final photos.,Civil
The bank is delaying the closure of my locked account despite me submitting all requested documents several weeks ago.,Consumer
My business partner is refusing to formally document responsibilities as agreed during our initial partnership talks.,Civil
I want to understand my rights if my manager consistently undermines my authority in front of my team.,Labour
"A state authority blocked access to certain websites without giving citizens any clear explanation, and I want to question this action.",Constitutional
"My relative's daughter married a foreign national, and she wants to understand family law implications for such marriages.",Family
"I am a tenant, and my landlord is trying to increase my rent far beyond what was originally agreed in our lease.",Property
I want to understand if part-time employees are entitled to severance pay during layoffs.,Labour
My employer is asking me to sign a document acknowledging receipt of dues I never actually received.,Labour
"I cancelled my cloud storage subscription weeks ago, yet the company continues to deduct the monthly amount from my card.",Consumer
Someone accessed my private expense tracking app and exposed my spending details publicly.,Cyber
I want to know if a marriage conducted under duress can later be annulled.,Family
A supplier is refusing to replace a defective batch of goods despite our contract's clear warranty terms.,Civil
A person is threatening to expose my private financial struggles shared during an online support group.,Cyber
My neighbour installed a fence that encroaches on the common pathway we both use.,Civil
Someone stole the temple's brass bell and other items during the early morning hours.,Criminal
"After returning a wrongly delivered kids' toy, the courier picked it up, but the platform is not issuing my refund despite several reminders.",Consumer
"The restaurant served food that was well past its expiry date, and management is refusing to acknowledge the complaint at all.",Consumer
A person borrowed equipment for a wedding function and has kept it well beyond the agreed return date.,Civil
"My email inbox shows sent messages I never wrote, and my password appears to have been changed.",Cyber
I want to know if I need my ex-spouse's consent to change our child's school after our separation.,Family
I want to understand my rights as a factory worker facing continuous wage delays.,Labour
"The company providing my packers and movers has been extremely negligent, causing repeated inconvenience without offering any compensation.",Consumer
My laptop bag was snatched from the front seat of my car while I was stopped at a signal.,Criminal
"I received a land acquisition notice for my ancestral duplex house, and I want to understand my rights in this process.",Property
I want to recover a security deposit that a shop owner is refusing to return after the lease ended.,Civil
I want a court's direction to stop a former tenant from removing fixtures that belong to the property owner.,Civil
What documents are required to prove clear ownership of a residential bungalow that I intend to sell in Chennai?,Property
I want to know whether a particular government notification exceeds the powers granted to that authority under the constitution.,Constitutional
"My files suddenly became inaccessible, and a note appeared demanding payment to restore them.",Cyber
A shopkeeper sold me a defective appliance and refuses to either replace it or return my money.,Civil
I want to divorce my wife because she constantly humiliates me in front of our families.,Family
A man exposed himself to a group of women waiting at a bus stop in our area.,Criminal
I want to know if I can challenge a performance review that I believe was unfairly conducted.,Labour
Someone has encroached upon a part of my agricultural land by building a wall well beyond their actual boundary line.,Property
Someone entered our field at night and cut down several trees without any permission.,Criminal
"I received a fake job interview call asking for registration fees online, is this a scam I can report?",Cyber
I want to challenge a state law that appears to unreasonably restrict citizens from switching their place of residence.,Constitutional
"Two people are claiming ownership of the same row house in Jaipur, and I am not sure whose claim is valid.",Property
The extended warranty I paid extra for on my gas stove is not being honoured now that the product has actually broken down.,Consumer
"The passport office rejected my application without giving any reasons, and I believe this decision was completely arbitrary.",Constitutional
A company is refusing to honour warranty repairs despite the product failing within the specified contract period.,Civil
I want to claim damages from a driver whose reckless behaviour caused damage to my shop's entrance.,Civil
A business partner is holding company documents and refusing to hand them over after our partnership ended.,Civil
"I suspect the documents shown to me by the seller of a vacant plot are not genuine, and I need to verify their authenticity.",Property
I want to understand the time limit within which an annulment petition must be filed.,Family
What steps should I take if a mobile app seller refuses to acknowledge my genuine complaint about a defective wristwatch?,Consumer
"Someone created a fake obituary post about a family member as a cruel prank, is this punishable online abuse?",Cyber
Someone offered a large sum of money to a witness to change his statement in an ongoing case.,Criminal
"I was promised a one-year guarantee on my smartwatch, but now the shopkeeper says the guarantee card I have is not valid.",Consumer
"My ex keeps creating new accounts to message me even after I block him, how do I stop this?",Cyber
The extended warranty I paid extra for on my induction cooktop is not being honoured now that the product has actually broken down.,Consumer
A person who borrowed our tent and chairs for an event has failed to return them despite reminders.,Civil
I want to understand what factors courts consider most important when awarding custody to a parent.,Family
My employer is asking gig workers to accept lower rates without any prior negotiation opportunity.,Labour
I want to understand how a family settlement can be used to divide inherited property amicably.,Family
A person who borrowed money from my grandfather is refusing to repay despite a signed agreement.,Civil
I want to understand my rights if I am excluded from company events and team activities without reason.,Labour
"My uncle passed away without children, and we are trying to determine who is entitled to his property.",Family
I want to understand what actions I can take if my employer neglects basic workplace safety standards.,Labour
My employer refuses to provide a written employment contract despite my working there for over a year.,Labour
A government college is preventing me from practicing my trade in a public market without giving any valid legal reason.,Constitutional
I want to compel the local administration to perform a legal duty that they have been refusing to carry out for months.,Constitutional
I want to know if I can claim interest on delayed salary or settlement payments.,Labour
A builder promised certain amenities in our housing society but never delivered them as per the agreement.,Civil
A group has been intimidating small farmers in our village into selling their land at low prices.,Criminal
"A supplier changed the agreed delivery schedule without notice, causing losses to our seasonal business.",Civil
I want to understand how a child's preference is considered in custody decisions as they grow older.,Family
What are my constitutional options if a government authority in Ahmedabad continues to ignore my legitimate grievance?,Constitutional
There is a dispute over the valuation of my urban plot during a court-ordered partition among family members.,Property
"I cancelled my DTH television subscription weeks ago, yet the company continues to deduct the monthly amount from my card.",Consumer
"I got a fraudulent call from someone posing as a bank official asking for my card PIN, what next?",Cyber
I want to formally partition an inherited office space that is currently held jointly with my grandmother.,Property
"The district collector's office denied me a government service on the basis of my caste, and I want to challenge this as discriminatory.",Constitutional
My business partner's client owes a significant amount that has remained unpaid despite repeated follow-ups.,Civil
My builder is refusing to execute the sale deed for my flat even though I have made the complete payment.,Property
Someone keeps tagging me in humiliating posts to turn my friends and colleagues against me.,Cyber
A group held my brother against his will in a vehicle for over an hour before releasing him.,Criminal
"A person created a fake job posting using our company name to collect applicants' personal data, is this actionable?",Cyber
I want to know if I can be terminated during probation without following any formal process.,Labour
Can I take action against a company that keeps ignoring my written complaints about their defective mattress?,Consumer
"After using my gas stove for just two days, it completely stopped functioning, and the store is blaming me for mishandling it.",Consumer
"I was scammed while trying to sell an item on an online marketplace, what should I do?",Cyber
Is there a way to get compensation for the mental harassment caused by a faulty bicycle that the seller refuses to fix?,Consumer
Another player in an online game has been sending abusive and threatening messages to me repeatedly.,Cyber
I want to recover the cost of materials supplied to a builder who never used them for our project.,Civil
A contractor took advance payment for renovation work and disappeared without doing any of the work.,Criminal
"A government college is failing to fulfil a basic constitutional duty owed to citizens in my area, and I want to act on this.",Constitutional
My relative's newly built shop developed cracks within months due to poor construction by the contractor.,Civil
My relative's vehicle caught fire under suspicious circumstances after a business dispute.,Criminal
My delivery app penalized me for order cancellations that were beyond my control.,Labour
"My e-book was uploaded on a piracy website without my consent, how do I get it taken down legally?",Cyber
Someone accessed my private travel planning app and shared my itinerary with an unknown third party.,Cyber
"My ex-wife wants to change our daughter's name without informing me, and I want to know my options.",Family
A seller agreed in writing to transfer a vehicle to me but is now refusing to complete the transaction.,Civil
"My chimney delivery has been delayed by nearly three weeks now, and the tracking page has not updated in days.",Consumer
A group of players is coordinating to harass a specific person during matches using voice chat.,Cyber
I was billed for car rental service at a much higher rate than what was quoted to me verbally at the time of subscribing.,Consumer
A government hospital is preventing me from practicing my trade in a public market without giving any valid legal reason.,Constitutional
I want to understand my stepchildren's rights within our family after my remarriage.,Family
My relative was falsely named as an accomplice in a case despite having an alibi for that day.,Criminal
I want to know if citizens can challenge a curfew that has been extended repeatedly without any clear justification.,Constitutional
My relative's second marriage is being challenged since documents from her first marriage were never updated.,Family
An elderly relative left home for a walk and has not been found despite searching everywhere.,Criminal
"I ordered two induction cooktop together, but received only one item, and customer support keeps closing my complaint without any resolution.",Consumer
"My electric scooter caught fire due to a wiring fault, and the manufacturer is refusing to accept any responsibility for the damage caused.",Consumer
My husband wants to enroll our son in a religious school against my wishes after our divorce.,Family
A local group has encroached on a common orchard land that legally belongs to our housing society as shared land.,Property
A child from our neighbourhood has been missing since yesterday evening and the family is very worried.,Criminal
My employer dismissed me verbally without providing any written termination letter.,Labour
I want to understand the difference between physical custody and legal custody for my children.,Family
The registrar's office is delaying the registration of my commercial shop without giving me any clear reason for the delay.,Property
"My office space is being acquired by the state for a public project, and I have concerns about the compensation offered.",Property
I want to know whether a gift deed for an agricultural land can be legally cancelled once it has already been registered.,Property
I want to know if interns are entitled to a stipend as promised during the internship offer.,Labour
"A person made false statements about my professional integrity during a community gathering, damaging my reputation.",Civil
My private conversation history from a mental health app was exposed after a reported security lapse.,Cyber
My elderly father wants to claim maintenance from me and my siblings since he has no income of his own.,Family
Someone hijacked my personal newsletter account and sent unauthorized promotional emails to my subscribers.,Cyber
How can I legally challenge a central government authority for violating my fundamental rights while carrying out their official duties?,Constitutional
I want to know my rights regarding a pathway that runs through my commercial shop which my neighbour uses to access their house.,Property
"Someone hacked my smart home camera and is watching me without consent, what should I do?",Cyber
How can I legally challenge the local police for violating my fundamental rights while carrying out their official duties?,Constitutional
My daughter wants to know if she can claim maintenance from her husband while their divorce case is ongoing.,Family
"I paid full payment for a duplex house in Delhi, but the seller is now refusing to complete the sale deed registration.",Property
"A person made defamatory remarks about my family business during a public event, harming our reputation.",Civil
What can I do if my co-owner is trying to sell a jointly owned village land without informing me at all?,Property
I want to know the legal process for confirming paternity when there is a dispute between former partners.,Family
A curfew imposed by local authorities during an emergency situation seems to have gone beyond what was constitutionally reasonable.,Constitutional
I want to know if a guardian can be removed if they are found to be misusing a minor's inheritance.,Family
Someone sent a message threatening to harm my family after I refused to comply with their demands online.,Cyber
"My husband's family kept our marriage hidden from me for years due to religious differences, and I want an annulment.",Family
My relative's tenant has stopped paying rent for several months despite reminders and warnings.,Civil
I want to revoke a power of attorney I had given for handling matters related to my piece of land in Kolkata.,Property
A group stole irrigation pipes from several farms in our area over the past two weeks.,Criminal
"My wife allows me to see our children only for a few hours each month, which feels insufficient.",Family
A local council banned a peaceful cultural procession that has been conducted in our neighbourhood for many years.,Constitutional
My neighbour's tree fell on my car during a storm and he refuses to pay for the repairs.,Civil
"The sewing machine I purchased has a manufacturing defect, but the brand's customer care keeps closing my complaint ticket without resolving it.",Consumer
"The state transport authority is failing to fulfil a basic constitutional duty owed to citizens in my area, and I want to act on this.",Constitutional
"The company providing my travel package booking has been extremely negligent, causing repeated inconvenience without offering any compensation.",Consumer
"After registering the sale deed for my warehouse property, I discovered the seller did not have full ownership rights to sell it.",Property
A wholesaler is refusing to honour credit terms agreed upon in our long-standing business relationship.,Civil
"A public school is requiring students to participate in a religious activity, and parents want to challenge this requirement.",Constitutional
A person used duplicate documents to claim ownership of a vehicle that did not belong to him.,Criminal
A person we hardly know has been sending messages threatening to kill my father over an old dispute.,Criminal
"I resigned due to workplace harassment, but my company is not waiving the notice period.",Labour
My spouse and I disagree strongly on whether to pursue counselling before proceeding with divorce.,Family
Someone used an AI app to swap my face onto another person's body in a video that is now being shared.,Cyber
I want to challenge a government rule requiring citizens to obtain a certificate of loyalty before contesting local elections.,Constitutional
"My rÃ©sumÃ© and personal details were misused to apply for fraudulent loans, what is the legal process?",Cyber
I was charged a hefty cancellation fee for a DTH television subscription even though I cancelled well within the allowed free cancellation period.,Consumer
My wife's children from her first marriage are asking about their inheritance rights within our household.,Family
"The company's advertisement showed a much larger size for the dinner set, but the delivered product was noticeably smaller than shown.",Consumer
A witness statement recorded by police does not match what was actually said during the incident.,Criminal
I want to know if gratuity is applicable to employees who resign before completing five years.,Labour
"My father remarried after my mother's death, and I want to know my inheritance rights in this situation.",Family
My private online dating conversations were leaked by the platform after a reported data incident.,Cyber
My relative's client is disputing an invoice despite approving the scope of work in writing earlier.,Civil
I want to cancel a sale deed for an office space because I later discovered the seller had misrepresented facts about the land.,Property
I want to know if the state can restrict citizens from wearing certain clothing in public spaces without a valid justification.,Constitutional
"My neighbour has planted trees right along the shared boundary, and I believe this actually encroaches onto my vacant plot.",Property
I want to recover possession of a portion of our compound that a neighbour has been using without permission.,Civil
I want to know if my employer can ask me to relocate abroad without amending my original contract.,Labour
"The store overcharged me for a laptop beyond the price printed on the label, and they are refusing to correct the bill.",Consumer
I want to know if provident fund benefits apply to employees working on a contract basis.,Labour
My employer refuses to grant leave without pay despite my having no other leave balance available.,Labour
My employer is asking remote employees to bear the cost of internet and electricity without reimbursement.,Labour
A contractor overcharged for materials and is refusing to provide a detailed breakdown of expenses as agreed.,Civil
I want to understand my rights regarding pension benefits promised during my initial employment.,Labour
Someone hit a traffic constable during a heated argument over a challan issued for a violation.,Criminal
I want to recover machinery that was leased to a workshop owner who now refuses to return it.,Civil
I want to know if gratuity nominee details can be changed after submission to the employer.,Labour
"I paid the full fee for an online tuition course, but the promised course content and live classes were never actually delivered as advertised.",Consumer
I want to know my rights as a union representative negotiating with management on behalf of workers.,Labour
"My order for a smart TV was marked as delivered by the courier, but I never actually received the package at my address.",Consumer
The land records office in Bengaluru shows a different owner for my commercial shop than what my sale deed indicates.,Property
A man forcibly took my phone and wallet at knifepoint while I was walking near the station.,Criminal
I want to recover farm equipment given to a neighbour for seasonal use who is now denying the arrangement.,Civil
I want to seek an injunction to stop my neighbour from building a structure that blocks our shared drainage system.,Civil
"My neighbour runs machinery at odd hours, and the vibrations have started affecting our house's structure.",Civil
My employer laid off a large group of workers without following the proper retrenchment process.,Labour
My former business partner is refusing to transfer his share of the company as agreed in our exit contract.,Civil
"My landlord wants to sell the duplex house I am renting, and I want to know how this affects my current tenancy rights.",Property
A person who saw a hit-and-run accident is now scared to report it after receiving threats.,Criminal
My employer is refusing to release my experience certificate even after I completed my notice period.,Labour
"A stranger got my number from social media and calls me repeatedly at odd hours, is this harassment?",Cyber
"A public university denied me a government service on the basis of my caste, and I want to challenge this as discriminatory.",Constitutional
"My sewing machine caught fire due to a wiring fault, and the manufacturer is refusing to accept any responsibility for the damage caused.",Consumer
"My husband wants a divorce, but I am opposing it since I believe our marriage can still be saved.",Family
My private online counseling session recording was shared with my family without my consent.,Cyber
My relative's mother-in-law wants to claim maintenance from her son despite years of estrangement between them.,Family
"We have no children and no property disputes, so we want a simple mutual consent divorce.",Family
I want to know whether a gift deed for a village land can be legally cancelled once it has already been registered.,Property
My employer frequently changes my shift timings without giving adequate advance notice.,Labour
My relative's daughter was approached by a stranger outside her school offering sweets and asking her to come along.,Criminal
I want to understand if unpaid bonuses should be included in my full and final settlement.,Labour
"My credit card details were stolen and misused online, what should my next step be?",Cyber
I want to stop a lower authority from proceeding further with a matter that I believe falls outside their jurisdiction.,Constitutional
"My neighbour has slowly encroached onto my land over the years, and now a portion of my orchard land is being used by them.",Property
"I gave money to a relative for a joint business venture, but he is refusing to return my share.",Civil
My cousin's marriage is being questioned because one party concealed important information before the wedding.,Family
I want to understand how courts treat property that was purchased jointly before our marriage.,Family
A man was caught trying to pickpocket passengers on a crowded local train.,Criminal
Someone accessed my private budgeting app and shared my financial details with an unknown party.,Cyber
"I signed a sale agreement for a family house, but the seller is now backing out of the deal after receiving my token amount.",Property
A distributor breached territorial exclusivity by supplying our products to unauthorized sellers in another state.,Civil
My husband's family refuses to return my stridhan despite our marriage having ended over a year ago.,Family
My employer expects me to be available for calls at all hours despite working remotely.,Labour
A local council denied a request to install a public notice board listing citizens' grievances against the administration.,Constitutional
What are my constitutional options if a government authority in Lucknow continues to ignore my legitimate grievance?,Constitutional
I want to know if gratuity is payable to the family of an employee who passed away while employed.,Labour
We are considering a trial separation and want to understand our rights during this period.,Family
A local body denied permission for a community to hold a peaceful cultural festival citing unclear administrative concerns.,Constitutional
I want to know if a state government can restrict access to public healthcare based on a person's state of origin.,Constitutional
A former client spread false claims about my services online after a disagreement over billing.,Civil
I want to know if the state can prevent citizens from a minority group from accessing a particular public scholarship.,Constitutional
My company deducted provident fund from my salary but never registered it under my account.,Labour
My supervisor constantly makes demeaning comments about my work in front of other colleagues.,Labour
I want to challenge a government decision restricting a specific community from being represented on a local advisory panel.,Constitutional
A local administration denied permission for citizens to display artwork critical of a government policy in a public space.,Constitutional
I discovered that the district administration has been monitoring my personal communications without informing me or obtaining proper authorization.,Constitutional
"A government-run institution rejected my application without giving any reasons, and I believe this decision was completely arbitrary.",Constitutional
I want to know how to legally divide an ancestral independent house among four siblings who all have equal claims.,Property
"I ordered two treadmill together, but received only one item, and customer support keeps closing my complaint without any resolution.",Consumer
A stranger created a fake fan page impersonating a local celebrity to collect money from followers for fake merchandise.,Cyber
"Someone created a deepfake audio clip of me saying offensive things and shared it online, is this punishable?",Cyber
A stranger has taken illegal possession of my piece of land while I was living abroad for several years.,Property
"I received a fake police notice online demanding payment for an alleged cybercrime, is this legitimate?",Cyber
My relative's car was stolen from outside a hospital while he was visiting a patient.,Criminal
I want to know if I can be terminated for taking extended sick leave due to a medical condition.,Labour
My company changed my designation without any corresponding change in salary or responsibilities.,Labour
I want to know the correct process for registering an ancestral house that I recently purchased in Ludhiana.,Property
I want to know if maintenance claims by parents differ when children have limited financial means.,Family
I want to understand the standard timeline for receiving a relieving letter after resignation.,Labour
A contractor left our office renovation incomplete after taking almost the entire agreed payment upfront.,Civil
I want to know if a spouse automatically becomes the guardian of a minor child after the other parent's death.,Family
I want to know if factory workers can claim compensation for repetitive strain injuries from their job.,Labour
My company continues to operate machinery that has been flagged as faulty by multiple workers.,Labour
My tenant has sublet my residential plot to another person without asking for my permission as the owner.,Property
"A salesperson promised free accessories with my water purifier purchase, but the store later refused to give any of those promised items.",Consumer
"The local authorities have issued a demolition notice for my vacant plot, and I want to challenge it legally.",Property
A group threatened to set our shop on fire unless we paid them a fixed amount every month.,Criminal
My relative's remarriage is being questioned since her first marriage was never formally dissolved.,Family
I want possession of equipment given on loan to a workshop owner who now claims it belongs to him.,Civil
Someone impersonated a court official to scare my father into paying money for a fake case settlement.,Criminal
"My in-laws are trying to take custody of my child, claiming I cannot provide proper care.",Family
I want to challenge a rule that requires citizens to seek prior police approval before conducting a small neighbourhood meeting.,Constitutional
My relative's shop was targeted by a group demanding money to allow trucks to pass through their area.,Criminal
I want to challenge a policy restricting access to public transport subsidies for citizens from a particular community.,Constitutional
Someone hacked into my smart speaker account and accessed my voice command history.,Cyber
My father's shop was raided by a group of masked men late at night and cash was forcibly taken away.,Criminal
"I signed a sale agreement for an orchard land, but the seller is now backing out of the deal after receiving my token amount.",Property
I want to understand what documents are needed to file a maintenance claim on behalf of elderly parents.,Family
I want to know if child support obligations continue after my child turns eighteen.,Family
"My landlord wants to sell the orchard land I am renting, and I want to know how this affects my current tenancy rights.",Property
I want to understand the tax implications on gratuity received after leaving my job.,Labour
I want to enforce a written promise where a supplier agreed to provide raw materials at a fixed rate for a year.,Civil
Someone is impersonating a school counselor online to collect sensitive information from students.,Cyber
How can I legally challenge the district administration for violating my fundamental rights while carrying out their official duties?,Constitutional
I want to know if adoption requires consent from the biological parents in every situation.,Family
My brother-in-law used a power of attorney to sell our family's residential bungalow without informing the rest of the family members.,Property
"My wife's parents are pressuring us to live with them, and it is affecting our marital independence.",Family
My cousin's business partner is refusing to honour a written buyout agreement after selling his shares.,Civil
"I was promised a one-year guarantee on my washing machine, but now the shopkeeper says the guarantee card I have is not valid.",Consumer
"My company offered a voluntary retirement scheme, but the terms seem unclear and possibly unfair.",Labour
"Despite following up for weeks about my faulty new car, the company's helpline keeps giving me a different excuse every single time.",Consumer
"Despite following up for weeks about my faulty ceiling fan, the company's helpline keeps giving me a different excuse every single time.",Consumer
Someone repeatedly sends unsolicited explicit content to my professional networking account despite being blocked.,Cyber
My wife left our home after a disagreement and is now living with her parents.,Family
My employer is not contributing the correct amount toward my provident fund every month.,Labour
A construction company failed to complete our warehouse project within the timeline mentioned in the contract.,Civil
My ex-husband wants to change the agreed visitation schedule without consulting me first.,Family
I want to increase my visitation time since my current schedule barely allows meaningful time with my kids.,Family
I want to know whether being kept in custody without formal charges being filed violates my constitutional protections.,Constitutional
Can I take action against a company that keeps ignoring my written complaints about their defective bicycle?,Consumer
The platform is not allowing me to cancel my broadband internet plan despite the terms clearly stating I can cancel anytime.,Consumer
My ride-sharing platform changed the commission structure without informing drivers in advance.,Labour
An online trading platform for cryptocurrency shut down suddenly after collecting deposits from users.,Cyber
A neighbour borrowed a substantial sum for medical treatment and has stopped responding to repayment requests.,Civil
Someone created a fake alumni verification page using our university's name to extract personal information.,Cyber
"My electric kettle developed a fault under guarantee, but the seller is insisting I pay labour charges which were supposed to be covered.",Consumer
Is there a way to get compensation for the mental harassment caused by a faulty motorbike that the seller refuses to fix?,Consumer
"My spouse has been unfaithful multiple times, and I want to proceed with a contested divorce.",Family
Can I take action against a company that keeps ignoring my written complaints about their defective water heater?,Consumer
"My trimmer delivery has been delayed by nearly three weeks now, and the tracking page has not updated in days.",Consumer
I signed a contract with a moving company that damaged several valuable items during relocation.,Civil
My cousin's shop renovation was delayed for months beyond the timeline mentioned in the signed agreement.,Civil
"Someone is demanding money from my father, threatening to reveal false information about our family.",Criminal
The mutation entry for my village land still shows my late father's name even though I am the legal heir now.,Property
My former company is asking for an unreasonable fee to release my experience certificate.,Labour
I want compensation from a neighbour whose overflowing water tank damaged goods stored in my ground floor shop.,Civil
My stepmother is claiming a larger share of my father's property than what I believe is fair.,Family
A group broke into our school and stole computers and other equipment from the office.,Criminal
Several men appear to be working together to illegally divert water from a common canal.,Criminal
An anonymous account sent me a direct message threatening physical harm after an online disagreement.,Cyber
My employer denied paid leave for a family function despite adequate notice and available leave balance.,Labour
I discovered that a state-run school has been monitoring my personal communications without informing me or obtaining proper authorization.,Constitutional
I want to address recurring disagreements with my spouse regarding our children's upbringing.,Family
A local body denied permission for a peaceful candlelight vigil without providing any specific security justification.,Constitutional
Someone used a duplicate key to enter a locked flat and steal valuables while the owners were away.,Criminal
I want to understand the process for grandparents to formally request custody in exceptional circumstances.,Family
I want compensation from a driver whose careless parking damaged the entrance gate of my shop.,Civil
"A government-run institution denied me a government service on the basis of my caste, and I want to challenge this as discriminatory.",Constitutional
"A public sector employer denied me a government service on the basis of my caste, and I want to challenge this as discriminatory.",Constitutional
Someone accessed my private plant care tracking app and exposed my home address through location data.,Cyber
"A village panchayat rejected my application without giving any reasons, and I believe this decision was completely arbitrary.",Constitutional
I want to know if I can claim compensation for being laid off without adequate prior notice.,Labour
"Someone is using screen recording to capture and sell private webinar content without permission, what can I do?",Cyber
Someone tried to pass off fake currency notes at a local vegetable market.,Criminal
"A caterer failed to deliver food on time for a corporate event, causing financial losses to my company.",Civil
My brother-in-law refuses to hand over possession of the vacant plot even after a partition was agreed upon by the family.,Property
I want to file a workplace complaint regarding continuous unfair treatment by my reporting manager.,Labour
A public authority is requiring citizens to disclose personal financial details to access an unrelated public health service.,Constitutional
A central government authority is preventing me from practicing my trade in a public market without giving any valid legal reason.,Constitutional
I want to challenge an order restricting journalists from covering a public protest in a particular area.,Constitutional
Someone accessed my private mood tracking app and exposed sensitive personal entries without consent.,Cyber
A government authority is denying citizens the right to question a public decision through an established grievance mechanism.,Constitutional
A person created a fake internship verification portal using our company's name to collect applicant data.,Cyber
Can I take action against a company that keeps ignoring my written complaints about their defective gas stove?,Consumer
"I repaid my home loan in full, but the bank is delaying the release of my village land documents from the mortgage.",Property
A former roommate is threatening to release private photos taken during our time living together.,Cyber
My company added new clauses to my contract without informing me or seeking my consent.,Labour
My commercial tenant is refusing to vacate the shop even though the lease agreement expired several months ago.,Property
I want to know if maternity leave applies to employees who recently joined the company.,Labour
My husband stopped giving me any money for household expenses after we started living separately.,Family
"The store overcharged me for a washing machine beyond the price printed on the label, and they are refusing to correct the bill.",Consumer
I want a court's help to stop a neighbour from diverting our shared drainage line onto my property.,Civil
I want to know what to do if the police are refusing to give a copy of the arrest memo.,Criminal
A local gang has been extorting money from small shop owners in exchange for so-called protection.,Criminal
What is the correct legal process to transfer an ancestral house from my father's name to my name after his death?,Property
Someone entered our compound and let their cattle graze on our crops without asking us.,Criminal
"A group demanded a large sum of money from my father, threatening to harm our family if he refused.",Criminal
"My neighbour has built a boundary wall that intrudes several feet into my orchard land, and he refuses to correct it.",Property
My relative wants to stop a neighbour from constructing a wall that would block our only access road.,Civil
A group of men appear to be planning together to rob shops along the main market road.,Criminal
"My neighbour's generator runs all night, producing noise and fumes that disturb our entire household.",Civil
I was sold a health insurance policy by a bank representative who did not disclose important terms that I only discovered later.,Consumer
My relative accepted payment in counterfeit currency notes from an unknown customer at his shop.,Criminal
I want to know my options after being sold a sofa set that turned out to be completely different from what was advertised.,Consumer
I want to recover payment for goods supplied to a client who is disputing the quantity delivered.,Civil
I want to understand what documents are needed to register an interfaith marriage in India.,Family
I want to know if grandparents can legally adopt their grandchild in special circumstances.,Family
"An advertisement claimed my motorbike had a special feature, but after buying it I discovered that claim was completely false.",Consumer
Someone used forged signatures to transfer my independent house into their name without my knowledge or consent.,Property
My husband is deliberately understating his income to avoid paying adequate maintenance to me.,Family
I want to recover the security amount paid for a commercial space that was never handed over to us.,Civil
A colleague at work has been making unwanted physical advances despite being told to stop.,Criminal
I want to understand how courts typically treat property inherited by one spouse during the marriage.,Family
Someone snatched an earring straight from my ear while I was standing near a bus stop.,Criminal
The private clinic charged me for a full diagnostic package but performed only half the promised tests during my visit.,Consumer
"My credit card service auto-renewed without my consent, and the company charged my card despite me never approving the renewal.",Consumer
A person used fake medical documents to claim leave benefits at a factory where he never worked.,Criminal
A group of men assaulted my son near the college gate over a minor argument about parking.,Criminal
Can I take legal action against someone who has occupied my office space without my permission for several years?,Property
A vendor supplied defective raw materials to my factory despite the agreement specifying quality standards.,Civil
"My paternal uncle is asking for more than his rightful share in the ancestral orchard land, and we cannot reach an agreement.",Property
"My partner and I have been living together for five years, and I want to know our legal rights as a couple.",Family
Someone broke the glass panels of our showroom during a protest that turned violent.,Criminal
"My spouse and I follow different religious practices, and we want guidance on marriage-related legal matters.",Family
"I signed a lease agreement for an urban plot, but the landlord is now demanding an increase in rent before the agreed term.",Property
I need to understand my legal right of way over a narrow strip of land that connects my independent house to the main road.,Property
I want to claim my provident fund dues from a company that shut down operations abruptly.,Labour
I want to know how to reclaim possession of my residential plot from squatters who moved in without my permission.,Property
"The company's advertisement showed a much larger size for the trimmer, but the delivered product was noticeably smaller than shown.",Consumer
My company deducted my entire day's salary for taking half a day of approved leave.,Labour
I found out that the property card for my office space contains an error regarding the boundaries of the plot.,Property
I want to know if maternity leave benefits apply to adoptive mothers as well.,Labour
"The passport office denied me a government service on the basis of my caste, and I want to challenge this as discriminatory.",Constitutional
A person hired to service our office air conditioners left the job incomplete and avoided further contact.,Civil
A group broke into a closed shop at night and stole the entire cash counter.,Criminal
My relative discovered that someone had forged his signature on a loan guarantee form.,Criminal
"My gaming account was hacked and all my purchased items were transferred to another account, how do I report this?",Cyber
"A government agency accessed my personal data without my consent, and I want to know if this violates my right to privacy.",Constitutional
My cousin wants to adopt a child with special needs and wants to understand any additional requirements.,Family
Someone accessed my private travel journal app and shared my personal entries with an unknown party.,Cyber
My cousin's shop window was cracked after debris from a neighbouring construction site fell onto it.,Civil
"The wall clock I purchased has a manufacturing defect, but the brand's customer care keeps closing my complaint ticket without resolving it.",Consumer
I was dismissed after reporting misconduct by a senior colleague to the management.,Labour
"An advertisement claimed my air conditioner had a special feature, but after buying it I discovered that claim was completely false.",Consumer
"My relative's shop owes me money for materials supplied months ago, and he keeps postponing payment.",Civil
I want to know if my child's legitimacy can be questioned since we married after their birth.,Family
I want to know if a state government can bar members of the public from attending open court proceedings without cause.,Constitutional
I want to understand how child support is calculated when both parents have different income levels.,Family
I want to know the correct process for registering a commercial shop that I recently purchased in Delhi.,Property
A contractor is demanding payment for work that does not match what was agreed in the written estimate.,Civil
"I returned a defective ceiling fan for a refund weeks ago, but the amount has still not been credited back to my account.",Consumer
What steps should I take if a company showroom refuses to acknowledge my genuine complaint about a defective inverter battery?,Consumer
My uncle sold the entire ancestral residential bungalow without informing or including the other legal heirs at all.,Property
A professional hired for legal documentation work delivered incomplete paperwork despite receiving full payment.,Civil
"A group of workers refused to leave our site even after the contract was terminated, damaging equipment.",Criminal
My cousin took a loan from me for a family emergency and has been delaying repayment for years.,Civil
"My relative's interfaith marriage is facing resistance from both families, and she wants to know her legal options.",Family
A person who took a loan from my mother is now refusing to acknowledge the debt despite written proof.,Civil
I want to understand if my employer can ask me to complete tasks outside my job description regularly.,Labour
I want to know if the state can restrict citizens from wearing traditional attire while entering government offices.,Constitutional
A person I rejected keeps creating new accounts to track and message me across different platforms.,Cyber
My colleague received threatening messages after reporting workplace misconduct to higher management.,Criminal
I want to understand minimum wage rights applicable to domestic workers in urban households.,Labour
The district administration is preventing me from practicing my trade in a public market without giving any valid legal reason.,Constitutional
"An advertisement claimed my laptop had a special feature, but after buying it I discovered that claim was completely false.",Consumer
I want to file for divorce because my husband has been physically abusive throughout our marriage.,Family
My husband is hiding his actual income to avoid paying me proper maintenance.,Family
"The product description online promised certain features for the sofa set, but what I received does not match those claims at all.",Consumer
I want to know if paternity leave can be split into multiple periods instead of one continuous block.,Labour
"I want to cancel my co-working space membership within the free trial period, but the company keeps making it impossible to actually cancel.",Consumer
An official body denied my legitimate request in an inconsistent manner compared to how similar requests were handled for others.,Constitutional
"My former spouse relocated without informing me, and I want to understand my rights regarding our children.",Family
My previous employer still owes me two months of salary even after I left the organization.,Labour
I was charged extra hidden fees while purchasing a pair of wireless earphones that were never mentioned anywhere during the checkout process.,Consumer
"A caterer failed to provide the agreed menu at my daughter's wedding, causing embarrassment among guests.",Civil
Someone threatened to harm my brother's family unless he agreed to sell his shop below market price.,Criminal
I want to challenge a government notice restricting a community's traditional right to graze cattle on public land.,Constitutional
I want to compel a village panchayat to perform a legal duty that they have been refusing to carry out for months.,Constitutional
"A family member is being held by authorities, and I have no clear information about where they are being detained.",Constitutional
I want to recover dues from a company that has delayed payment for services provided months ago.,Civil
My father wants to file a complaint but is worried about retaliation from the accused's family.,Criminal
A hospital's patient management system was reportedly locked by hackers demanding payment to restore access.,Cyber
"The technician sent for AC repair service did a careless job, and now the underlying problem has actually gotten worse than before.",Consumer
My uncle was struck with a helmet during a scuffle at a fuel station over queue jumping.,Criminal
My employer changed my job role significantly without updating my original employment contract.,Labour
"A state authority denied permission for an inter-faith gathering, and I want to understand if this violates religious freedom.",Constitutional
"A government policy requires disclosure of personal health information to access an unrelated public benefit, and I find this concerning.",Constitutional
I want to know if stepparents have any legal obligation to support stepchildren financially.,Family
The e-commerce site delivered an empty box instead of the mixer grinder I had ordered and paid for in full online.,Consumer
"The builder allotted my parking spot to another flat owner, and now the society is refusing to correct the mistake.",Property
I want to understand how maintenance for children differs from maintenance claimed by a spouse.,Family
My wife and I have settled all our issues and want to know how long a mutual consent divorce usually takes.,Family
Masked men broke into our farmhouse in the middle of the night and beat the caretaker before looting cash.,Criminal
"I believe I am being followed and watched by plainclothes officers without any explanation, and I want to challenge this surveillance.",Constitutional
"A relative gave farming tools to a neighbour for one season, and they have not been returned even after two years.",Civil
"A person is sending repeated abusive voice messages through social media, is this covered under cyber law?",Cyber
The seller of a village land took an advance from me and later sold the same property to someone else.,Property
A person hired to manage our social media account never delivered results and is refusing a partial refund.,Civil
I want to know how courts evaluate relocation requests when one parent wants to move with the children.,Family
I want to know if my company can require background verification after I have already joined.,Labour
"I received a suspicious link claiming to update my KYC and lost money after clicking it, what next?",Cyber
I want to challenge a gift deed through which my orchard land was transferred to a relative without my knowledge.,Property
I want to enforce an agreement where a business partner promised to repay a capital contribution upon exit.,Civil
My professional headshot is being used without permission on a fake consulting website.,Cyber
My relative wants to know if her existing children need to consent before she adopts another child.,Family
I want to know if reserving certain government posts exclusively for one community without any rational basis is constitutionally valid.,Constitutional
I want to know if my company can change my employment terms without issuing a revised contract.,Labour
"My private Instagram account was screen recorded and shared without my knowledge, what legal action can I take?",Cyber
"My company's email was spoofed to send fraudulent invoices to clients, what legal action can we take?",Cyber
I want to challenge a policy requiring government employees to follow a specific religious practice as part of their duties.,Constitutional
Police raided a house near ours that was allegedly being used for illegal gambling activities.,Criminal
A financial institution has taken possession of my orchard land even though I was current on all my loan payments.,Property
I want to know whether my married sister has an equal share in our ancestral commercial shop along with the other siblings.,Property
"I own a warehouse property, but local occupants have taken over the land and are refusing to vacate despite my repeated requests.",Property
Someone stole valuable tools from our workshop while the staff was away for lunch.,Criminal
A group forcibly took a young boy from outside his school and demanded ransom from his family.,Criminal
I want to challenge an order passed by a government tribunal that I believe was issued without proper legal authority.,Constitutional
I want to know if agricultural land can be legally converted for residential use in Patna without violating any rules.,Property
I want to know if siblings are typically kept together during custody decisions.,Family
"I entered into an agreement with a photographer for event coverage, but they never delivered the final footage.",Civil
Someone is impersonating a college placement officer online to collect resumes and personal data from students.,Cyber
My relative's tractor battery and fuel were siphoned off overnight from the parked vehicle.,Criminal
"My relative's marriage was conducted without proper rituals, and now its validity is being questioned.",Family
Someone kept an unlicensed firearm hidden at home and threatened to use it during a quarrel.,Criminal
"A public sector employer rejected my application without giving any reasons, and I believe this decision was completely arbitrary.",Constitutional
I signed a contract with an event management company that failed to deliver the promised services.,Civil
"My village land was mortgaged years ago, and I want to understand the correct process to get the mortgage released now.",Property
My cousin wants to understand how family court determines maintenance obligations during lengthy divorce proceedings.,Family
"A stranger is stalking me on social media and commenting inappropriately, is this punishable?",Cyber
What documents are required to prove clear ownership of a village land that I intend to sell in Mumbai?,Property
I want to challenge a government restriction that prevents our minority community from managing our own religious institution independently.,Constitutional
"After downloading a file from an unfamiliar website, my system started sending pop-ups and slowing down significantly.",Cyber
"A former employee made false statements about my business practices to potential clients, harming our reputation.",Civil
"My wife wants full custody, claiming my frequent work travel makes me unavailable for our children.",Family
A group forcibly stopped our vehicle on the highway and robbed us of cash and belongings.,Criminal
My business partner is refusing to contribute his agreed share toward our company's operational expenses.,Civil
"I bought a warehouse property years ago, but now a stranger has shown up claiming they are the actual owner of the land.",Property
"The camera I ordered online turned out to be a used, refurbished piece even though it was listed as brand new. Can I file a complaint?",Consumer
"My family's agricultural land was acquired years ago, but we never actually received the compensation that was promised to us.",Property
"I want to challenge my late father's will, which I believe was made under undue influence from a relative.",Family
The compensation amount offered for my acquired land seems far below the actual market value of the commercial shop.,Property
"The bank is threatening to take possession of my urban plot over a loan default, and I want to know my rights.",Property
Someone secretly recorded a woman changing clothes in a public changing room without her knowledge.,Criminal
I want to modify the maintenance amount since my income has reduced significantly this year.,Family
"I was refused admission to a government college seemingly because of my religion, and I want to know if this violates my rights.",Constitutional
My uncle lent a considerable sum to a close friend who has stopped responding to any contact attempts.,Civil
"A person made false accusations against me publicly, and I want to know how to seek damages.",Civil
A man threw acid on the gate of our house after being asked to leave the property.,Criminal
The company is refusing to honour the warranty on my washing machine saying I did not register it online within a specific time.,Consumer
My spouse wants a separation agreement that outlines how we will handle finances during this time.,Family
"A hacker accessed our internal servers and downloaded sensitive employee records, what should our company do?",Cyber
My manager assigns unreasonable deadlines specifically to me compared to the rest of the team.,Labour
"My relative was taken into custody, and the police have refused to disclose the grounds for the detention to our family.",Constitutional
I want to know the correct process for registering a housing plot that I recently purchased in Bhopal.,Property
A neighbour's leaking water tank has been damaging the paint and structure of my house for weeks.,Civil
How do I legally establish my ownership over a piece of land that has been in dispute with a family member for years?,Property
"I suspect the documents shown to me by the seller of an office space are not genuine, and I need to verify their authenticity.",Property
The company is refusing to honour the warranty on my new car saying I did not register it online within a specific time.,Consumer
I want to know how to stop a former associate from using proprietary business processes we developed together.,Civil
How can I legally challenge the local administration for violating my fundamental rights while carrying out their official duties?,Constitutional
"A village panchayat denied me a government service on the basis of my caste, and I want to challenge this as discriminatory.",Constitutional
A group has been running an illegal liquor manufacturing unit in an abandoned building nearby.,Criminal
"A central government authority denied me a government service on the basis of my caste, and I want to challenge this as discriminatory.",Constitutional
A government office is requiring me to submit documents that seem unrelated and excessive for a routine administrative process.,Constitutional
"A supplier delivered goods weeks after the agreed deadline, causing us to lose an important seasonal order.",Civil
"My company denies casual leave requests frequently, citing staffing shortages as the only reason.",Labour
"I want to cancel my online tuition course within the free trial period, but the company keeps making it impossible to actually cancel.",Consumer
"A client refuses to pay for consulting services rendered, claiming the report did not meet expectations despite approval.",Civil
"I signed a sale agreement for an ancestral house, but the seller is now backing out of the deal after receiving my token amount.",Property
Someone sold the same plot of land to two different buyers using forged documents.,Criminal
I want to claim compensation for an injury caused due to inadequate safety equipment at my workplace.,Labour
A government office in Kolkata is treating me differently from other applicants purely because of my community background.,Constitutional
My neighbour's daughter has not returned home since leaving for tuition three days ago.,Criminal
"The product description online promised certain features for the mixer grinder, but what I received does not match those claims at all.",Consumer
My probation period was extended multiple times without any clear explanation from my employer.,Labour
A local council denied permission for citizens to erect a memorial for victims of a past tragedy in a public space.,Constitutional
My father was told he must pay money or his truck would be damaged on the highway.,Criminal
"The person who sold me an agricultural land turns out to have only partial ownership, and other co-owners were never informed of the sale.",Property
A government office in Chandigarh is treating me differently from other applicants purely because of my community background.,Constitutional
"I bought a hair dryer that stopped working within a week, and a roadside shop is refusing to repair or replace it. What can I do?",Consumer
My relative agreed to repay a loan in monthly installments but has stopped paying for several months.,Civil
"My wife has been facing continuous harassment from my mother, and we want legal guidance on protecting her rights.",Family
Someone circulated false rumours online that led to threats and harassment against our family in real life.,Criminal
"My husband bought a car using our joint savings, and now he refuses to acknowledge my contribution.",Family
My ex-wife keeps changing our custody schedule without any prior discussion with me.,Family
"The mobile phone I purchased has a manufacturing defect, but the brand's customer care keeps closing my complaint ticket without resolving it.",Consumer
The billboard advertisement for a motorbike sale mentioned a price that was very different from what I was actually charged in-store.,Consumer
"The smart TV I purchased has a manufacturing defect, but the brand's customer care keeps closing my complaint ticket without resolving it.",Consumer
My employer is asking me to work despite being diagnosed with a contagious illness.,Labour
An unauthorized person modified pricing information on our online store without informing anyone.,Cyber
I was detained briefly for raising slogans against a government policy during a peaceful demonstration in Hyderabad.,Constitutional
A government office is requiring an unusual declaration from citizens before allowing them to access a basic public service.,Constitutional
I want to challenge a decision disqualifying me from contesting a local body election on what seem like unclear grounds.,Constitutional
Someone slashed the tyres of our delivery van parked outside the shop.,Criminal
"My employer accessed my personal social media account without consent during an investigation, is this legal?",Cyber
"My neighbour diverted rainwater onto my property, causing damage to my boundary wall.",Civil
My company reduced my gratuity amount citing unapproved leaves that I believe were sanctioned.,Labour
"Someone leaked my private chats on a public forum, can I take legal action?",Cyber
A supplier is refusing to fulfil an order despite a written agreement guaranteeing priority delivery for our business.,Civil
"The company's advertisement showed a much larger size for the pair of wireless earphones, but the delivered product was noticeably smaller than shown.",Consumer
A person is occupying agricultural land that was only meant to be used temporarily during harvest season.,Civil
A person I met online is threatening to share intimate photos of me with my workplace unless I pay them.,Cyber
Is it possible to claim a refund for an air conditioner purchased in Indore that stopped working just days after delivery?,Consumer
Someone assaulted my father at the community meeting after a disagreement about the temple committee.,Criminal
Someone left a threatening note on our car warning us to stop pursuing a legal complaint.,Criminal
"A friend borrowed money for a medical emergency and promised repayment within six months, which has now passed.",Civil
My business rival told our suppliers false information about our company's financial stability.,Civil
I want to understand how courts typically calculate alimony based on both spouses' earnings.,Family
I want to know if my marriage is legally valid since it took place without both families present.,Family
"My relative's shop encroaches slightly onto our shared boundary, violating an earlier agreement between our families.",Civil
Someone accessed my smart lock system remotely and changed the access codes without my knowledge.,Cyber
The extended warranty I paid extra for on my smartwatch is not being honoured now that the product has actually broken down.,Consumer
The local administration is preventing me from practicing my trade in a public market without giving any valid legal reason.,Constitutional
I want to verify whether the title of a residential plot I am about to purchase is completely clear of any disputes.,Property
I want to file for divorce because my wife has been having an extramarital affair for the past year.,Family
My relative's daughter was lured away by strangers promising her a job in another city.,Criminal
A person attempted to run over my father with a vehicle after a dispute at a petrol pump.,Criminal
My relative's business partner is refusing to honour a written commitment regarding investment returns.,Civil
I want to question the legal authority of a person who has been appointed to hold a public office in Hyderabad.,Constitutional
"I want a replacement for my faulty refrigerator, but the manufacturer's authorised dealer keeps sending a technician instead of giving me a new unit as promised.",Consumer
I want to know if relocation for a new job justifies changing an existing custody arrangement.,Family
I want to file a complaint about being denied a raise that was given to less experienced colleagues.,Labour
"My neighbour has planted trees right along the shared boundary, and I believe this actually encroaches onto my family house.",Property
I want to challenge a state government order that seems to conflict with rights guaranteed to citizens across the country.,Constitutional
I want to understand how courts balance parental rights with grandparents' requests for visitation.,Family
"My laptop has been behaving strangely, and I suspect a hidden program is tracking my activity.",Cyber
I want to challenge a government notice restricting citizens from organizing a peaceful rally to mark an important anniversary.,Constitutional
I want to recover money I invested in a friend's shop that he is now refusing to return.,Civil
A group trespassed onto our property and set up an illegal structure without our consent.,Criminal
I was detained briefly for raising slogans against a government policy during a peaceful demonstration in Patna.,Constitutional
"After my father's death, my brother is refusing to give me my rightful share in our housing plot.",Property
My private online support ticket details were leaked to a public forum by a former employee.,Cyber
"A company's faulty equipment caused a fire in our workshop, and they refuse to compensate for the damages.",Civil
"I paid for an annual cloud storage subscription but the facility shut down within a few months, and they are refusing to refund the remaining amount.",Consumer
I want to know my options after being sold a treadmill that turned out to be completely different from what was advertised.,Consumer
"My landlord wants to sell the residential bungalow I am renting, and I want to know how this affects my current tenancy rights.",Property
"I cancelled my matrimonial site subscription weeks ago, yet the company continues to deduct the monthly amount from my card.",Consumer
I want to file a complaint about being consistently overlooked for promotions despite good performance reviews.,Labour
"I received an email with a suspicious attachment that infected my system with a virus, what should I do?",Cyber
Several people are allegedly conspiring to intimidate voters ahead of the local elections.,Criminal
"My child was asked to share personal photos by a stranger on a gaming app, what should we do?",Cyber
"During probate proceedings, my siblings and I disagree on the correct valuation of our late father's piece of land.",Property
My private online public speaking practice sessions were recorded and shared without consent.,Cyber
I want to enforce a written agreement where a friend promised to return money borrowed for medical expenses.,Civil
"I was promised a one-year guarantee on my pair of branded sunglasses, but now the shopkeeper says the guarantee card I have is not valid.",Consumer
"My employer calculated my gratuity incorrectly, excluding years I spent on approved leave.",Labour
Someone set fire to a pile of stored hay near our cattle shed causing significant damage.,Criminal
"My warehouse property is being acquired by the state for a public project, and I have concerns about the compensation offered.",Property
I want to know if my employer must issue a provident fund statement when requested.,Labour
I want to understand if my company can ask me to complete unpaid trial shifts before formal hiring.,Labour
"After my father's death, my younger brother is refusing to give me my rightful share in our commercial shop.",Property
"I have raised the same complaint about my bicycle multiple times, but customer support keeps closing the ticket without resolving anything.",Consumer
I want to challenge a rule that prevents citizens above a certain age from holding a particular elected public office.,Constitutional
I disagree with the government's valuation of my farmhouse that was used to calculate the stamp duty for registration.,Property
Is it possible to legally challenge a property partition that was carried out without my consent among the family members?,Property
"We are ready to file for mutual divorce, but I want to understand the cooling-off period requirements.",Family
I want to challenge a government notice restricting citizens' access to information about how public funds were spent.,Constitutional
My wife wants a lump sum maintenance settlement instead of continuing monthly payments after our divorce.,Family
"A group is impersonating a government agency online to collect people's personal information, how do I report this?",Cyber
"A local newspaper published an inaccurate story about my company's financial position, damaging our credibility.",Civil
Someone used forged signatures to transfer my village land into their name without my knowledge or consent.,Property
"My online exam account was hacked and my results were tampered with, what can I do?",Cyber
My company fired me for taking leave to attend a family emergency.,Labour
My former landlord is refusing to return the deposit despite the property being in good condition.,Civil
A relative promised in writing to transfer shares of a family business but has failed to complete the process.,Civil
"My salon membership package auto-renewed without my consent, and the company charged my card despite me never approving the renewal.",Consumer
My employer is delaying gratuity payment citing pending clearance from my department head.,Labour
My personal identification documents were leaked online after I submitted them to a service provider.,Cyber
A government authority denied my request to appeal an adverse decision affecting my constitutional right to livelihood.,Constitutional
I want to know how to recover possession of a warehouse that a former tenant refuses to vacate.,Civil
Someone forcibly entered our house claiming to be recovery agents and damaged our furniture.,Criminal
"I bought a tablet in Ahmedabad last month and it broke down almost immediately, but the shop owner denies any fault in the product.",Consumer
I was let go from my job right after I complained about unpaid overtime.,Labour
"I want to cancel my gym membership within the free trial period, but the company keeps making it impossible to actually cancel.",Consumer
I want to know if my employer can reject leave applications without providing valid reasons.,Labour
A person continues to occupy a portion of our family shop despite having no legal right to be there.,Civil
"Someone created a fake news article using my name to damage my reputation, can I file a complaint?",Cyber
"After registering the sale deed for my orchard land, I discovered the seller did not have full ownership rights to sell it.",Property
"Someone created a fake missing person post using my child's photo as a prank, how do we report this?",Cyber
My employer denied a request to work from a different city while remaining fully remote.,Labour
I want to know whether the state can restrict citizens from accessing certain public roads based on their community identity.,Constitutional
An elderly neighbour was last seen near the railway station and has not been found since.,Criminal
My monthly bill for co-working space membership suddenly increased without any prior notice or explanation from the company about the reason.,Consumer
Someone created a fake investment advisor profile claiming expertise in cryptocurrency to collect money from people.,Cyber
An unknown user has been asking my nephew inappropriate questions during an online multiplayer game.,Cyber
My relative promised to transfer his share of a family business to me but has been delaying the process.,Civil
My private research paper was published under someone else's name on an academic platform.,Cyber
I want to claim damages for losses caused when a vendor supplied expired stock without informing us.,Civil
A local moneylender is threatening to harm my family if we don't repay the loan immediately.,Criminal
I want to claim compensation from a builder whose faulty plumbing caused extensive water damage to my flat.,Civil
"My Aadhaar-linked mobile number was changed without my consent, how do I report this?",Cyber
Someone accessed my private habit-tracking app and shared personal data without my consent.,Cyber
I want to know if my company can withhold my last salary due to unreturned office equipment.,Labour
My employer denied compensation after I was asked to work in extreme heat without adequate breaks.,Labour
"An unknown person keeps following my every post and commenting on old photos, is this stalking under law?",Cyber
A network of people seems to be involved in trafficking young girls from our village for domestic work.,Criminal
Some individuals appear to be working together to run a fraudulent chit fund scheme in our town.,Criminal
Our union members were threatened with termination for organizing a peaceful workplace protest.,Labour
My urban plot sale is stuck because the buyer is refusing to pay the remaining balance despite the agreement being signed.,Property
"My internet speed is far lower than what was promised in the plan I subscribed to, yet I am billed the full premium rate.",Consumer
"A government department is failing to fulfil a basic constitutional duty owed to citizens in my area, and I want to act on this.",Constitutional
A business partner is refusing to sign documents that were agreed upon during our partnership formation.,Civil
My relative is occupying a shed that belongs to our joint family without any agreement allowing him to do so.,Civil
I want to evict a tenant from my piece of land who has not paid rent for several months despite repeated reminders.,Property
I want to know whether the state can restrict citizens from criticizing a public official through peaceful means.,Constitutional
A local group has encroached on a common agricultural land that legally belongs to our housing society as shared land.,Property
"My relative's neighbour redirected rainwater flow, causing repeated flooding in our courtyard during monsoon.",Civil
What documents are required to prove clear ownership of a vacant plot that I intend to sell in Kolkata?,Property
My company took no action after I reported repeated inappropriate comments from a coworker.,Labour
My employer promised performance-based incentives that were never paid despite meeting all targets.,Labour
A person hired to repair our compound gate left it worse than before and refuses to fix it again.,Civil
I want to know how to check if my provident fund contributions have been deposited correctly.,Labour
"My husband refuses to discuss important family decisions with me, which is straining our marriage.",Family
My monthly bill for cloud storage subscription suddenly increased without any prior notice or explanation from the company about the reason.,Consumer
"My wife filed for divorce citing desertion, but I want to explain my side of the situation.",Family
"I am receiving threatening emails from an anonymous sender, what is the legal recourse?",Cyber
My cousin promised to repay a loan after selling his property but has been delaying for over a year.,Civil
Someone fired a country-made gun near our house to intimidate the family during a land dispute.,Criminal
My employer denied unemployment support despite my termination being due to company restructuring.,Labour
Someone accessed my private reading habit app and shared my personal preferences without authorization.,Cyber
I recently discovered that the title documents for my vacant plot may have been forged by a previous owner.,Property
I want compensation from a contractor whose delay in construction caused us to lose a planned tenant.,Civil
I want to evict a tenant from my vacant plot who has not paid rent for several months despite repeated reminders.,Property
There is a dispute among flat owners over who has rights to use the terrace area of our apartment building.,Property
"A government department denied me a government service on the basis of my caste, and I want to challenge this as discriminatory.",Constitutional
I want to know whether my married sister has an equal share in our ancestral housing plot along with the other siblings.,Property
The registrar's office is delaying the registration of my independent house without giving me any clear reason for the delay.,Property
A government office in Mumbai is treating me differently from other applicants purely because of my community background.,Constitutional
"My relative hired an accountant who made errors in financial statements, causing losses during a business audit.",Civil
Someone climbed the drainage pipe and entered our first-floor flat through the balcony while we were asleep.,Criminal
"My employer withheld my wages, claiming dissatisfaction with my work without any prior warning.",Labour
A person promised in writing to help set up my shop's interior but never followed through despite payment.,Civil
I want to understand my rights if my internship stipend was significantly delayed for months.,Labour
"A family member is claiming that our late father verbally promised him a farmhouse, though nothing was ever put in writing.",Property
Someone has been giving alcohol to underage boys near the local playground.,Criminal
My client has not paid the balance amount even after signing off on the completed work.,Civil
Can I take action against a company that keeps ignoring my written complaints about their defective electric kettle?,Consumer
My grandfather has been occupying the entire ancestral vacant plot and refuses to let other family members access their share.,Property
My relative wants to understand mediation options available before proceeding with contested divorce litigation.,Family
"Our local school stopped teaching in our mother tongue, and I want to know if this violates our linguistic rights.",Constitutional
"I was removed from a government scheme without any notice or explanation, and I suspect this decision was unjustified.",Constitutional
A local authority barred entry of certain citizens into a public market based on unclear and possibly discriminatory criteria.,Constitutional
I want to know how to legally remove my name from a jointly held warehouse property that I no longer wish to co-own.,Property
I want to understand how custody decisions are affected when one parent has remarried and has other children.,Family
I want to know how courts assess a child's capacity to pay maintenance to elderly parents.,Family
"My mother wants to seek maintenance after my father passed away, as none of us are currently supporting her.",Family
I want to question the legal authority of a person who has been appointed to hold a public office in Jaipur.,Constitutional
I was charged extra hidden fees while purchasing a water purifier that were never mentioned anywhere during the checkout process.,Consumer
"My employer marked my sick leave as unpaid, even though I submitted proper documentation.",Labour
"My spouse lives abroad, and we want to proceed with a mutual consent divorce despite the distance.",Family
My previous employer is withholding my documents until I sign an unfair settlement agreement.,Labour
My spouse has not paid maintenance for the last six months despite repeated reminders.,Family
What remedies are available if my fundamental rights have been violated by an action taken by a public authority?,Constitutional
"My wall clock is still within the warranty period, but the service centre is asking me to pay for a repair that should be free.",Consumer
My paternal uncle is claiming ownership of our independent house even though it was registered solely in my father's name.,Property
I want to challenge a rule restricting citizens over a certain age from holding a specific type of government post.,Constitutional
I discovered that the local police has been monitoring my personal communications without informing me or obtaining proper authorization.,Constitutional
"Someone hacked my email and demanded ransom to restore access, how do I report this?",Cyber
I want to understand if domestic workers are entitled to any form of written employment agreement.,Labour
"Someone created a clone of my website to scam customers, what legal steps should I take?",Cyber
Someone is repeatedly sending unsolicited messages to my elderly parent pretending to be a relative in distress.,Cyber
My company is asking me to forfeit gratuity citing disciplinary issues that were never formally addressed.,Labour
Someone secretly photographed a woman in a public restroom using a hidden device.,Criminal
My younger brother was caught with a small quantity of drugs near our college campus.,Criminal
My private online meditation guidance sessions were recorded and shared without authorization.,Cyber
"Someone is demanding money after recording me during a video call without consent, is this sextortion?",Cyber
A former employee shared our client database with a rival company after leaving our organization.,Civil
I want to know my options after being sold a ceiling fan that turned out to be completely different from what was advertised.,Consumer
A supplier breached our written agreement by increasing prices without prior notice as specified in the contract.,Civil
We want to know how to escalate a complaint when the local police station is not taking action.,Criminal
The investigating officer has not updated us on the status of our complaint for several weeks.,Criminal
My child's photo was used without consent to create an account on a social platform meant for adults.,Cyber
I want to claim compensation from a company whose faulty product caused damage to my property.,Civil
I lost access to my social media account after receiving a message about a policy violation I never committed.,Cyber
My spouse and I disagree about religious practices to follow within our household.,Family
I want to know if agricultural land can be legally converted for residential use in Hyderabad without violating any rules.,Property
I want to understand how courts handle custody disputes when one parent has a demanding work schedule.,Family
"My refund for a returned washing machine was approved by the platform, but the payment gateway shows it was never actually processed.",Consumer
I want to challenge a government rule restricting citizens from a certain profession from being appointed to a public committee.,Constitutional
My husband and I married abroad and now want to register our marriage in India as well.,Family
Can I take action against a company that keeps ignoring my written complaints about their defective induction cooktop?,Consumer
My cousin's business associate withdrew his capital contribution without following the agreed exit process.,Civil
"A public authority is denying me access to a government building because of my physical disability, and I want to challenge this.",Constitutional
My cousin agreed to lease his shop to me but backed out after I had already ordered fixtures for it.,Civil
I want to know if my company can change piece-rate wages without prior consultation with workers.,Labour
"There seem to be conflicting entries in the land records for my ancestral house, and I am not sure which one is correct.",Property
A public authority seized my documents without providing any receipt or explanation for the action taken against me.,Constitutional
I want to understand my rights if my employer delays severance payment after confirming layoffs.,Labour
"My ceiling fan is still within the warranty period, but the service centre is asking me to pay for a repair that should be free.",Consumer
A vendor breached our supply agreement by delivering fewer units than what was agreed in writing.,Civil
"My employer is disputing my gratuity amount, claiming incorrect calculation of my tenure.",Labour
A public authority is denying citizens the right to record their own interactions with government officials during official proceedings.,Constitutional
My brother is refusing to give me my rightful share of our parents' property after their passing.,Family
Someone offered my father money to withdraw a criminal complaint filed against a local contractor.,Criminal
My employer reduced staff strength significantly without following proper retrenchment procedures.,Labour
A public authority is restricting citizens' access to a government helpline meant to address grievances like mine.,Constitutional
Someone deleted messages from a phone that were relevant to an ongoing harassment case.,Criminal
My manager keeps delaying my confirmation letter even though my probation period ended months ago.,Labour
I want compensation from a person whose vehicle repeatedly damages our gate while reversing into their driveway.,Civil
"I noticed duplicate charges on my card for a single purchase of a printer, and the merchant is not refunding the extra amount.",Consumer
"Someone tagged me in inappropriate posts to damage my reputation among friends, is this actionable?",Cyber
My neighbour's newly built wall is causing water to accumulate and damage my house's foundation.,Civil
What documents are required to prove clear ownership of an independent house that I intend to sell in Mumbai?,Property
My employer reduced benefits for employees who did not accept the new restructuring terms.,Labour
My father is claiming ownership of our piece of land even though it was registered solely in my father's name.,Property
"I received threats on social media after refusing to pay someone online, is this a crime?",Cyber
What can I do if an online grocery delivery provider refuses to fix a recurring problem despite my numerous complaints and follow-ups?,Consumer
I want to know if I can stop unauthorized construction happening right on the boundary of my urban plot.,Property
I want to know if we can register our marriage without having a formal ceremony first.,Family
"My broadband internet plan auto-renewed without my consent, and the company charged my card despite me never approving the renewal.",Consumer
"A former partner is threatening to post my private pictures unless I get back with them, what should I do?",Cyber
"My husband disappeared without any contact for years, and I want to know how to legally end our marriage.",Family
"A stranger keeps sending friend requests from different fake accounts after I block them, what can I do?",Cyber
I want to resolve ongoing disputes with my husband regarding household responsibilities and decision-making.,Family
Intimate photos meant only for a private conversation were leaked and are now circulating among mutual friends.,Cyber
I want to know my rights to continue residing in the matrimonial home during divorce proceedings.,Family
I want to know if my employer can question the authenticity of my medical certificate without valid reason.,Labour
A former partner is claiming a larger share of profits than what was agreed in our partnership deed.,Civil
"My neighbour's renovation work damaged the shared boundary wall, and he refuses to bear the repair cost.",Civil
"My relative's grandchildren were placed with their other set of grandparents, and she wants visitation rights.",Family
Someone gained access to my website's backend and deleted important content without authorization.,Cyber
What documents are required to prove clear ownership of a farmhouse that I intend to sell in Jaipur?,Property
"A nearby car wash has been draining dirty water onto our compound, causing a persistent bad odour.",Civil
My employer wants to settle gratuity in installments instead of a lump sum payment.,Labour
Is it possible to claim a refund for a wristwatch purchased in Ahmedabad that stopped working just days after delivery?,Consumer
"A family member is claiming that our late father verbally promised him a residential plot, though nothing was ever put in writing.",Property
"My son's school database seems to have been compromised, exposing student contact details.",Cyber
I want to know if prison authorities can restrict a prisoner's access to legal counsel without any valid justification.,Constitutional
I want to understand the legal process for a widow to remarry within our community.,Family
I want to understand paternity leave entitlements available to fathers under current employment practices.,Labour
A person made defamatory comments about my company's practices during an industry conference.,Civil
What documents are required to prove clear ownership of a piece of land that I intend to sell in Lucknow?,Property
"A government authority is requiring citizens to provide biometric data for a service unrelated to identity verification, and I am concerned.",Constitutional
My uncle was kept in a lock-up beyond the legal time limit without being produced in court.,Criminal
"My broadband connection has had frequent outages for weeks, but the internet provider keeps billing me the full monthly amount.",Consumer
I want to understand if compensatory leave is mandatory for employees who work on holidays.,Labour
Someone used forged signatures to transfer my row house into their name without my knowledge or consent.,Property
A supplier is refusing to fulfil the remaining part of a bulk order despite receiving partial advance payment.,Civil
Someone published my workplace details and daily schedule on a public page without my consent.,Cyber
I want to question the legal authority of a person who has been appointed to hold a public office in Kolkata.,Constitutional
"My cousin, a key witness in a fraud case, has been receiving visits from unknown men at odd hours.",Criminal
My daughter wants to establish paternity to claim maintenance from her biological father.,Family
"A person was held in preventive detention without proper grounds being communicated, and we want to challenge this constitutionally.",Constitutional
"My order for a water heater was marked as delivered by the courier, but I never actually received the package at my address.",Consumer
A boundary dispute has arisen after my neighbour got a fresh land survey done that shows different measurements than before.,Property
"A man was seen waving a sword during a dispute at a local function, scaring nearby families.",Criminal
"Someone forced their way into our farmhouse at night and threatened us with a weapon, what should we do?",Criminal
"My husband left me without any explanation, and I want to explore my legal options to bring him back.",Family
My grandmother wants to claim maintenance from her grandchildren since her own children have passed away.,Family
"The product description online promised certain features for the tablet, but what I received does not match those claims at all.",Consumer
"My courier package containing a valuable sewing machine went missing in transit, and the courier company is refusing to compensate me.",Consumer
I want to file for divorce due to irreconcilable differences that have made our marriage unbearable.,Family
My wife wants to waive the waiting period for our mutual consent divorce due to personal reasons.,Family
"My father transferred a row house to my half-brother through a gift deed, but I believe this transfer was made under pressure.",Property
"My relative adopted a child years ago, but the adoption was never formally registered.",Family
My private recipe videos were reposted on another channel with the watermark removed.,Cyber
I want a court's help to stop a former partner from using our shared brand name commercially.,Civil
"My courier package containing a valuable dinner set went missing in transit, and the courier company is refusing to compensate me.",Consumer
A group of men forcibly entered our warehouse at night and threatened the night guard before stealing goods.,Criminal
"The person who sold me an apartment flat turns out to have only partial ownership, and other co-owners were never informed of the sale.",Property
There is a dispute over the valuation of my housing plot during a court-ordered partition among family members.,Property
"My child received a friend request from someone pretending to be a classmate, how do we verify and report this?",Cyber
"I work as a delivery partner for an app-based platform, and my earnings were withheld without explanation.",Labour
I want to understand if my employer can deduct salary for using company internet for personal purposes.,Labour
Several men appear to be working together to run an illegal loan racket that threatens defaulters with violence.,Criminal
"My online business was hit by a ransomware attack, what legal steps should we take?",Cyber
A local council is denying a community access to a shared public ground that has traditionally been used for festivals.,Constitutional
I want to know if a family member can be excluded from inheritance due to prior financial support received.,Family
My email account was accessed and important documents were forwarded to an unknown address without my knowledge.,Cyber
"My UPI account was used for a transaction I never made, who do I complain to?",Cyber
"Despite following up for weeks about my faulty pair of branded sunglasses, the company's helpline keeps giving me a different excuse every single time.",Consumer
A group has been illegally mining sand from the riverbank near our village despite repeated warnings.,Criminal
My sister wants to challenge her husband's adoption of a child from his previous relationship.,Family
My wife wants to live separately but is not ready to file for divorce yet.,Family
My relative wants to declare her marriage void since her husband was a minor at the time of marriage.,Family
I discovered that the municipal corporation has been monitoring my personal communications without informing me or obtaining proper authorization.,Constitutional
A public authority is restricting movement of pilgrims to a religious site without providing a reasonable explanation.,Constitutional
My employer wants me to serve a notice period longer than what is mentioned in my offer letter.,Labour
"My refund for a returned electric scooter was approved by the platform, but the payment gateway shows it was never actually processed.",Consumer
A person entrusted with collecting society funds has been misusing the money for personal use.,Criminal
The platform is not allowing me to cancel my gym membership despite the terms clearly stating I can cancel anytime.,Consumer
My wife refuses to consent to divorce even though we have been separated for many years.,Family
My private podcast recording was leaked before its official release date without my consent.,Cyber
Someone gained access to my e-learning account and shared my personal notes with unauthorized users.,Cyber
I want to know how interfaith marriages are registered when both parties want to retain their own religions.,Family
"I have been working as a contract worker for years, but the company refuses to make me permanent.",Labour
I want to understand my rights if my husband wants to unilaterally decide on adopting a child.,Family
I want to know if platform-based workers have any right to dispute account suspension decisions.,Labour
I want to know if my company can restrict leave applications during specific months of the year.,Labour
I want to know if my company is obligated to maintain a formal grievance policy for employees.,Labour
Someone climbed over the fence of a government building and was caught loitering near restricted areas.,Criminal
"My in-laws constantly interfere in our marriage, causing serious tension between my husband and me.",Family
"The technician sent for broadband internet did a careless job, and now the underlying problem has actually gotten worse than before.",Consumer
"My colleague receives preferential treatment from management, affecting our team's overall morale and fairness.",Labour
I want to know if a live-in relationship needs to be registered anywhere to be legally recognized.,Family
A former business partner is threatening to leak confidential financial records unless I agree to their terms.,Cyber
I want to claim a pending bonus from a company I resigned from a few months ago.,Labour
I want to know the correct process for registering a farmhouse that I recently purchased in Delhi.,Property
A person circulated a fake video of me using AI tools to make it look like I made a public statement I never made.,Cyber
A local group has been organizing an illegal card game with heavy money involved every weekend.,Criminal
I want to know if adoptive parents can later reverse an adoption if circumstances change significantly.,Family
I want to know my rights after being terminated during my probation period without any explanation.,Labour
My employer denied apprenticeship completion certification despite fulfilling all required training hours.,Labour
"Someone created a second Instagram account pretending to be me and is messaging my friends, what can I do?",Cyber
"I want to know if I have any rights over my husband's business, which grew significantly during our marriage.",Family
"I was cheated in an online shopping scam, the seller never delivered the product, can I file an FIR?",Cyber
My tenant is causing damage to my piece of land and refuses to pay for the repairs despite the terms of our lease.,Property
I want to challenge a policy requiring citizens to belong to a specific region to access a state welfare benefit.,Constitutional
My former employer is not responding to my requests regarding pending provident fund settlement.,Labour
I want to recover an unpaid balance from a client who delayed payment citing unrelated business issues.,Civil
My company terminated several employees overnight without any prior warning or compensation.,Labour
My neighbour has been threatening to harm me and my family if I don't sell my land to him.,Criminal
My private online book club discussions were screenshotted and circulated outside the group.,Cyber
My friend borrowed camera equipment for a project and has been avoiding returning it for several months.,Civil
"My landlord entered my rented piece of land without any prior notice while I was away, and I want to know my rights.",Property
I want to know if I can refuse to work in conditions I consider unsafe without facing termination.,Labour
"Despite paying full charges for life insurance policy, I have been receiving highly unsatisfactory and inconsistent service for weeks now.",Consumer
What are my constitutional options if a government authority in Patna continues to ignore my legitimate grievance?,Constitutional
Someone created a fake customer feedback form using my company's name to collect user passwords.,Cyber
"I bought a housing plot years ago, but now a stranger has shown up claiming they are the actual owner of the land.",Property
"I received an air conditioner that makes strange noises since day one, and the company keeps delaying the technician visit for weeks now.",Consumer
"I purchased a designer saree from an online marketplace, and it turned out to be a counterfeit copy of the original branded product.",Consumer
I want to know if factory workers can strike legally over unresolved wage disputes.,Labour
I want to challenge a decision restricting citizens with disabilities from accessing certain public transport services without justification.,Constitutional
I want to know the process for inter-country adoption for a relative living abroad.,Family
I want to know if seasonal workers are entitled to the same minimum wage as regular employees.,Labour
My father received repeated calls threatening to kidnap my younger sibling if demands were not met.,Criminal
"I signed a lease agreement for a family house, but the landlord is now demanding an increase in rent before the agreed term.",Property
My cousin's business partner borrowed personal funds for company expenses and refuses to return them.,Civil
My contract agency has not paid my dues even though the client company confirmed my work completion.,Labour
